image,id,choice,annotator,annotation_id,created_at,updated_at,lead_time
/data/upload/4/f762d119-fffa5987-12a6-4849-8703-63625f41e010.jpg,761,"{""choices"": [""Main"", ""Jib""]}",1,762,2022-11-15T04:11:29.256285Z,2022-11-15T04:11:29.256285Z,1.59
/data/upload/4/f44096d4-ff782537-9085-4721-ab0d-f938a5baa1d0.jpeg,760,,1,761,2022-11-15T04:11:27.342191Z,2022-11-15T04:11:27.342191Z,0.866
/data/upload/4/51dfc561-ff71fbef-6bf7-4212-9c66-0d65f3978cde.jpg,759,,1,760,2022-11-15T04:11:25.869387Z,2022-11-15T04:11:25.869387Z,0.983
/data/upload/4/b53bf771-ff43b12e-1d47-412c-a8cf-286dfe141a01.jpg,758,Reject Photo,1,759,2022-11-15T04:11:24.524713Z,2022-11-15T04:11:24.524713Z,5.051
/data/upload/4/0f14b7e8-ff8b9eda-3b61-48d3-b087-f669f93379bf.jpg,757,"{""choices"": [""Main"", ""Jib""]}",1,758,2022-11-15T04:11:18.864808Z,2022-11-15T04:11:18.864808Z,1.152
/data/upload/4/52d02c72-fea607d8-dbc9-4faa-9f15-46752a806213.jpg,756,"{""choices"": [""Main"", ""Jib""]}",1,757,2022-11-15T04:11:17.414578Z,2022-11-15T04:11:17.414578Z,1.865
/data/upload/4/1bd6fb13-fe461161-9fb3-4206-b210-d94dea723e1a.jpg,755,,1,756,2022-11-15T04:11:14.934354Z,2022-11-15T04:11:14.934354Z,4.865
/data/upload/4/9ca0f203-fdbda097-b358-45ab-8a15-4fd629ce9bdc.jpg,754,Jib,1,755,2022-11-15T04:11:09.755565Z,2022-11-15T04:11:09.755565Z,3.3
/data/upload/4/8b09303e-fd21e4b4-afe4-4411-8e8b-8073e880c1c9.jpg,753,"{""choices"": [""Main"", ""Jib""]}",1,754,2022-11-15T04:11:05.836611Z,2022-11-15T04:11:05.836611Z,1.444
/data/upload/4/b155d563-fcd5bc6f-f8da-4c00-b29d-9efffc71586f.jpg,752,"{""choices"": [""Main"", ""Spinnaker""]}",1,753,2022-11-15T04:11:04.077848Z,2022-11-15T04:11:04.077848Z,1.585
/data/upload/4/64d885c8-f776ae82-0de8-40fb-b080-5a2c34742873.jpg,751,,1,752,2022-11-15T04:11:01.812447Z,2022-11-15T04:11:01.812447Z,0.886
/data/upload/4/239176a3-f452b123-2c31-46f5-9798-c27aba85fc13.jpg,750,"{""choices"": [""Main"", ""Jib""]}",1,751,2022-11-15T04:11:00.628841Z,2022-11-15T04:11:00.628841Z,1.234
/data/upload/4/816523ed-f372ca62-2b02-470c-8070-511648e23d1f.jpg,749,"{""choices"": [""Main"", ""Jib""]}",1,750,2022-11-15T04:10:58.780584Z,2022-11-15T04:10:58.780584Z,1.222
/data/upload/4/78b0cc5e-f9ea8f30-ebff-475f-80d2-ba77b296fa5b.jpg,748,"{""choices"": [""Main"", ""Jib""]}",1,749,2022-11-15T04:10:57.251053Z,2022-11-15T04:10:57.251053Z,2.717
/data/upload/4/96b43d65-f9e8d991-4abc-4d4e-a061-d1c35c6dfae9.jpg,747,"{""choices"": [""Main"", ""Spinnaker""]}",1,748,2022-11-15T04:10:53.909363Z,2022-11-15T04:10:53.909363Z,1.45
/data/upload/4/4b180ac2-f9a36a05-fd67-4126-9e81-8ac4a23a5dc4.jpg,746,Reject Photo,1,747,2022-11-15T04:10:52.148023Z,2022-11-15T04:10:52.148023Z,4.937
/data/upload/4/aa95b9e0-f7f93973-fab5-4843-946a-b399a4ab9ab8.jpg,745,,1,746,2022-11-15T04:10:46.614086Z,2022-11-15T04:10:46.614086Z,1.04
/data/upload/4/13ae3a60-f6b3a28d-2540-41f4-aa6a-be7f208ed2ec.jpg,744,,1,745,2022-11-15T04:10:45.272844Z,2022-11-15T04:10:45.272844Z,1.0
/data/upload/4/2d17dc35-f5bc33d4-5b28-4aca-977d-791c2ad61033.jpg,743,Main,1,744,2022-11-15T04:10:43.669323Z,2022-11-15T04:10:43.669323Z,1.141
/data/upload/4/91409504-f4f8b025-0d97-4944-aeef-9ed0dcebe4d8.jpg,742,"{""choices"": [""Main"", ""Jib""]}",1,743,2022-11-15T04:10:42.185883Z,2022-11-15T04:10:42.185883Z,1.221
/data/upload/4/159d9979-f4e2cedd-cae2-46fb-887a-976a7a44147a.jpg,741,"{""choices"": [""Main"", ""Jib""]}",1,742,2022-11-15T04:10:40.320414Z,2022-11-15T04:10:40.320414Z,1.167
/data/upload/4/5e369236-eec94c5e-8118-46ac-9d4f-001276880f35.jpg,740,"{""choices"": [""Main"", ""Jib""]}",1,741,2022-11-15T04:10:38.804752Z,2022-11-15T04:10:38.804752Z,1.911
/data/upload/4/1cce38b4-ee92c1c6-4b53-444f-8365-5c9e97630729.jpg,739,"{""choices"": [""Main"", ""Spinnaker""]}",1,740,2022-11-15T04:10:36.211250Z,2022-11-15T04:10:36.211250Z,1.972
/data/upload/4/bda3aea1-ed8a81a5-19c0-4ac3-a2da-63a8dabe1ade.jpg,738,"{""choices"": [""Main"", ""Jib""]}",1,739,2022-11-15T04:10:33.916255Z,2022-11-15T04:10:33.916255Z,16.869
/data/upload/4/487e0f5c-ed5a4a27-e30d-49f0-8da6-298d60556db3.jpg,737,"{""choices"": [""Main"", ""Jib""]}",1,738,2022-11-15T04:10:16.444922Z,2022-11-15T04:10:16.444922Z,2.763
/data/upload/4/d43981a7-ece123bb-23c9-4cbf-a739-7ce90f6118c7.jpg,736,,1,737,2022-11-15T04:10:13.357497Z,2022-11-15T04:10:13.357497Z,1.015
/data/upload/4/ad809bad-ec648f9a-d2a1-4572-b6a4-aa6b72c7096e.jpg,735,,1,736,2022-11-15T04:10:11.694485Z,2022-11-15T04:10:11.694485Z,1.463
/data/upload/4/4aa5b40a-ec4f3000-f091-40c8-af77-1d290339bdfa.jpg,734,"{""choices"": [""Main"", ""Jib""]}",1,735,2022-11-15T04:10:09.828153Z,2022-11-15T04:10:09.828153Z,1.218
/data/upload/4/299e2bd9-eba59621-8ec5-4ab0-87aa-431d35b8af61.jpg,733,"{""choices"": [""Main"", ""Spinnaker""]}",1,734,2022-11-15T04:10:07.916458Z,2022-11-15T04:10:07.916458Z,2.152
/data/upload/4/4c71aa35-eb881827-a39f-4aca-a6e1-54917ee17b6e.jpg,732,Reject Photo,1,733,2022-11-15T04:10:05.386606Z,2022-11-15T04:10:05.386606Z,2.289
/data/upload/4/97bfee63-eb185a88-0013-4204-b5ea-ec08a38b5c72.jpg,731,"{""choices"": [""Main"", ""Jib""]}",1,732,2022-11-15T04:10:02.371762Z,2022-11-15T04:10:02.371762Z,1.382
/data/upload/4/82d3721b-eaddb2ef-a517-4a33-9beb-5f215d56008a.jpg,730,"{""choices"": [""Main"", ""Jib""]}",1,731,2022-11-15T04:10:00.606960Z,2022-11-15T04:10:00.606960Z,1.431
/data/upload/4/f4673a86-e61965df-aa1f-4f93-8f10-352beada34f6.jpg,729,,1,730,2022-11-15T04:09:58.556981Z,2022-11-15T04:09:58.556981Z,1.517
/data/upload/4/7d5330ee-e9196ab9-6af9-4806-9cca-37fe249cedd4.jpeg,728,"{""choices"": [""Main"", ""Jib""]}",1,729,2022-11-15T04:09:56.730736Z,2022-11-15T04:09:56.730736Z,1.143
/data/upload/4/2c296681-e3858f8c-54d8-45d4-9c7d-06f642cf7294.jpg,727,"{""choices"": [""Main"", ""Jib""]}",1,728,2022-11-15T04:09:54.925095Z,2022-11-15T04:09:54.925095Z,1.466
/data/upload/4/2e5c9260-e2194ac4-fa59-4244-aee9-ada93ef86819.jpg,726,"{""choices"": [""Main"", ""Jib""]}",1,727,2022-11-15T04:09:53.153676Z,2022-11-15T04:09:53.153676Z,1.178
/data/upload/4/f2fe537e-e1774f56-1625-4730-83b9-df1e59dc4464.jpg,725,"{""choices"": [""Main"", ""Jib""]}",1,726,2022-11-15T04:09:51.352477Z,2022-11-15T04:09:51.352477Z,1.126
/data/upload/4/3cd6f4e6-e849a737-0c83-49b9-a0f6-fbed12926297.jpg,724,"{""choices"": [""Main"", ""Jib""]}",1,725,2022-11-15T04:09:49.897937Z,2022-11-15T04:09:49.897937Z,1.176
/data/upload/4/6fc596d4-e818a8aa-a563-4d31-aa4c-0a0994042960.jpg,723,"{""choices"": [""Main"", ""Jib""]}",1,724,2022-11-15T04:09:47.809009Z,2022-11-15T04:09:47.809009Z,1.244
/data/upload/4/fa089511-e663e963-d323-4716-9841-a3fdb98fac62.jpg,722,Main,1,723,2022-11-15T04:09:46.058012Z,2022-11-15T04:09:46.058012Z,2.428
/data/upload/4/a7ce7b55-e434c25a-7c15-4442-93c4-ec4f41d2e418.jpg,721,,1,722,2022-11-15T04:09:42.914437Z,2022-11-15T04:09:42.914437Z,1.418
/data/upload/4/37aaeafb-e83b16eb-4ad1-4e20-b741-8295adbe871e.jpg,720,"{""choices"": [""Main"", ""Jib""]}",1,721,2022-11-15T04:09:41.092633Z,2022-11-15T04:09:41.092633Z,1.299
/data/upload/4/e6f4692b-e82b11f2-b3b6-4416-90c1-df7f915aa59b.jpg,719,"{""choices"": [""Main"", ""Jib""]}",1,720,2022-11-15T04:09:39.067635Z,2022-11-15T04:09:39.067635Z,1.198
/data/upload/4/f346e9db-e38b36b3-4fbe-4c16-ae62-2d5d3877ed7b.jpg,718,Main,1,719,2022-11-15T04:09:37.450684Z,2022-11-15T04:09:37.450684Z,2.202
/data/upload/4/b12a529a-e9ead404-8b3c-4b01-9f95-e3f252fe503b.jpg,717,"{""choices"": [""Main"", ""Jib"", ""Spinnaker""]}",1,718,2022-11-15T04:09:34.550643Z,2022-11-15T04:09:34.550643Z,1.593
/data/upload/4/fd2ff173-e6bfaf84-eada-49f4-b46c-701e3ff0cd7a.jpg,716,"{""choices"": [""Main"", ""Jib""]}",1,717,2022-11-15T04:09:32.569492Z,2022-11-15T04:09:32.569492Z,1.226
/data/upload/4/759e1087-e5bf09b6-ad84-4ea0-a56e-3bf5a6f65f5a.JPG,715,,1,716,2022-11-15T04:09:30.651529Z,2022-11-15T04:09:30.651529Z,1.092
/data/upload/4/85cc9ab0-e4ddd0a2-3a0b-4fc4-aa60-569030ce90c4.jpg,714,"{""choices"": [""Main"", ""Jib"", ""Spinnaker""]}",1,715,2022-11-15T04:09:29.193878Z,2022-11-15T04:09:29.194878Z,3.131
/data/upload/4/c1cf0207-e3d2c730-8487-42d3-a979-f8b32bb2ff03.jpg,713,"{""choices"": [""Main"", ""Jib""]}",1,714,2022-11-15T04:09:25.418876Z,2022-11-15T04:09:25.418876Z,2.18
/data/upload/4/458428f8-e0b4d50e-8df4-460f-942c-cf8774edf0ea.JPG,712,"{""choices"": [""Main"", ""Jib""]}",1,713,2022-11-15T04:09:22.698465Z,2022-11-15T04:09:22.698465Z,1.207
/data/upload/4/2bd1bfc5-e0a61597-bac8-4d44-b0ac-4757d74e0614.jpg,711,"{""choices"": [""Main"", ""Jib""]}",1,712,2022-11-15T04:09:20.791681Z,2022-11-15T04:09:20.791681Z,1.281
/data/upload/4/62073ff3-df366dee-5025-49a7-9548-b981b7d26ee9.jpg,710,"{""choices"": [""Main"", ""Jib""]}",1,711,2022-11-15T04:09:19.039456Z,2022-11-15T04:09:19.039456Z,1.264
/data/upload/4/1f9465a2-db913a25-c689-44e7-9751-3235fb356770.gif,709,Main,1,710,2022-11-15T04:09:17.093016Z,2022-11-15T04:09:17.093016Z,1.377
/data/upload/4/c804b4d1-db655f98-f29c-4930-991d-c20579882121.jpg,708,,1,709,2022-11-15T04:09:15.374648Z,2022-11-15T04:09:15.374648Z,1.102
/data/upload/4/38b95e36-d2450307-05a2-469f-8f74-c66b0644225c.jpg,707,"{""choices"": [""Main"", ""Jib""]}",1,708,2022-11-15T04:09:13.596196Z,2022-11-15T04:09:13.596196Z,1.499
/data/upload/4/78988bba-d947722b-358d-4341-b9d2-2f71ca0958f7.jpg,706,"{""choices"": [""Main"", ""Jib""]}",1,707,2022-11-15T04:09:11.652912Z,2022-11-15T04:09:11.652912Z,1.159
/data/upload/4/332e6a7a-d670444c-b134-4d2c-9ba4-e1460f318a77.jpg,705,"{""choices"": [""Main"", ""Jib""]}",1,706,2022-11-15T04:09:09.788326Z,2022-11-15T04:09:09.788326Z,1.131
/data/upload/4/90bb0990-d08789c0-345c-4fb4-99c6-cf7614572495.jpg,704,"{""choices"": [""Main"", ""Spinnaker""]}",1,705,2022-11-15T04:09:08.281273Z,2022-11-15T04:09:08.281273Z,7.166
/data/upload/4/f44eaede-d819dd53-831b-475a-b290-63915bc97878.jpg,703,"{""choices"": [""Main"", ""Jib""]}",1,704,2022-11-15T04:09:00.813122Z,2022-11-15T04:09:00.813122Z,1.215
/data/upload/4/c75df711-d431a7f7-2c04-4355-b5b5-4e10d5b8d485.jpg,702,Main,1,703,2022-11-15T04:08:59.300077Z,2022-11-15T04:08:59.300077Z,1.113
/data/upload/4/9b6d1e21-d254b029-27f8-41ce-b9f8-1874ef2de5ed.jpg,701,"{""choices"": [""Main"", ""Jib""]}",1,702,2022-11-15T04:08:57.556184Z,2022-11-15T04:08:57.556184Z,1.778
/data/upload/4/393b898c-d71d30d9-2480-42e5-aaf3-dbd4376618b7.jpg,700,"{""choices"": [""Main"", ""Jib""]}",1,701,2022-11-15T04:08:55.397815Z,2022-11-15T04:08:55.397815Z,1.459
/data/upload/4/07b58a42-d37a147a-75b7-472c-8c4e-bdc74df506d0.jpg,699,"{""choices"": [""Main"", ""Jib"", ""Spinnaker""]}",1,700,2022-11-15T04:08:53.299914Z,2022-11-15T04:08:53.299914Z,1.771
/data/upload/4/9e1bac37-d30ef937-1a6e-4470-9ac2-04316f2d3ef6.jpg,698,"{""choices"": [""Main"", ""Jib""]}",1,699,2022-11-15T04:08:51.167948Z,2022-11-15T04:08:51.167948Z,1.413
/data/upload/4/896e2cbc-d28fc726-b94f-4817-8b47-145f8dc76654.jpg,697,Main,1,698,2022-11-15T04:08:49.117742Z,2022-11-15T04:08:49.117742Z,4.892
/data/upload/4/9434ad1b-d24cc5f4-fb9c-404f-94ea-44fa72da5f00.jpg,696,"{""choices"": [""Main"", ""Jib""]}",1,697,2022-11-15T04:08:43.873059Z,2022-11-15T04:08:43.873059Z,1.523
/data/upload/4/1deef147-d17b0d82-a3de-4b1f-8072-7c62c20c4396.jpg,695,Main,1,696,2022-11-15T04:08:41.701711Z,2022-11-15T04:08:41.701711Z,1.112
/data/upload/4/827f9304-d5c08f22-df57-470a-be4e-da0736116842.jpg,694,,1,695,2022-11-15T04:08:40.291918Z,2022-11-15T04:08:40.291918Z,0.968
/data/upload/4/7226936c-d5a86092-01ca-46f2-9256-1f376c9eb8c1.jpg,693,"{""choices"": [""Main"", ""Jib""]}",1,694,2022-11-15T04:08:38.696433Z,2022-11-15T04:08:38.696433Z,1.369
/data/upload/4/952e4a94-d05a734b-6a35-4668-8136-9d547721efe0.jpg,692,,1,693,2022-11-15T04:08:37.038389Z,2022-11-15T04:08:37.038389Z,1.341
/data/upload/4/a99d9017-d2d00076-534b-4007-81c8-fd62171fca32.jpg,691,"{""choices"": [""Main"", ""Jib""]}",1,692,2022-11-15T04:08:35.093399Z,2022-11-15T04:08:35.093399Z,1.961
/data/upload/4/a8ad5d05-d2ba50bc-a6ca-493f-a3e5-41ad76650e88.jpeg,690,,1,691,2022-11-15T04:08:32.842758Z,2022-11-15T04:08:32.842758Z,1.413
/data/upload/4/fb984449-d2a421d6-f5b2-4032-b115-0a4b17101c4d.jpg,689,Main,1,690,2022-11-15T04:08:30.755400Z,2022-11-15T04:08:30.755400Z,2.619
/data/upload/4/540b44c0-d1a6b4aa-b139-4fd7-840c-9687e95451dd.jpg,688,,1,689,2022-11-15T04:08:27.730915Z,2022-11-15T04:08:27.730915Z,3.791
/data/upload/4/f0f6320e-d1a4d24d-1c4f-465a-be54-c06a2de8905c.jpg,687,Main,1,688,2022-11-15T04:08:23.204925Z,2022-11-15T04:08:23.204925Z,1.119
/data/upload/4/2add2d2a-d0c0afde-0563-4d9b-bd60-c797de8aae2d.JPG,686,"{""choices"": [""Main"", ""Jib""]}",1,687,2022-11-15T04:08:21.618214Z,2022-11-15T04:08:21.618214Z,1.172
/data/upload/4/b9a9d343-cff4ac4e-7fcc-43f5-94ce-ad63dfb295a3.jpg,685,"{""choices"": [""Main"", ""Jib""]}",1,686,2022-11-15T04:08:19.745010Z,2022-11-15T04:08:19.745010Z,1.375
/data/upload/4/693d27f4-cf679c9b-9881-476a-acba-3eb9cdef947f.jpg,684,,1,685,2022-11-15T04:08:18.032514Z,2022-11-15T04:08:18.032514Z,0.995
/data/upload/4/f70d9a4d-cdbc7128-b8e0-4ab2-9a13-306eaf44591f.jpg,683,"{""choices"": [""Main"", ""Spinnaker""]}",1,684,2022-11-15T04:08:16.356241Z,2022-11-15T04:08:16.356241Z,1.475
/data/upload/4/00b5bbe9-cd340aa2-2d5d-4556-a8f7-94bd670f8a30.jpg,682,"{""choices"": [""Main"", ""Jib""]}",1,683,2022-11-15T04:08:14.569479Z,2022-11-15T04:08:14.569479Z,1.308
/data/upload/4/e8d8e68c-cd6cfe52-7f10-4223-974e-9e2a203c00be.JPG,681,"{""choices"": [""Main"", ""Jib""]}",1,682,2022-11-15T04:08:12.607120Z,2022-11-15T04:08:12.607120Z,2.15
/data/upload/4/b9490fd9-cc4a1f8f-13bf-42f4-821d-d2c2a89748c6.jpeg,680,"{""choices"": [""Main"", ""Jib""]}",1,681,2022-11-15T04:08:10.155188Z,2022-11-15T04:08:10.155188Z,1.106
/data/upload/4/a296acce-cc1c0036-79fa-45c8-b7f0-ed9468d1cfa0.jpg,679,Jib,1,680,2022-11-15T04:08:08.360382Z,2022-11-15T04:08:08.360382Z,7.829
/data/upload/4/7b261c21-cba7ceb7-5232-46bf-9454-c6446b2f1de4.jpeg,678,"{""choices"": [""Main"", ""Jib""]}",1,679,2022-11-15T04:08:00.216782Z,2022-11-15T04:08:00.216782Z,1.226
/data/upload/4/84c94f48-cae4dc3b-414c-4c5a-8df5-2e3b209c91db.jpg,677,Main,1,678,2022-11-15T04:07:58.381262Z,2022-11-15T04:07:58.381262Z,1.072
/data/upload/4/ff51f3b9-c5296140-39d1-4ec4-8f61-2d67a3596a99.jpg,676,"{""choices"": [""Main"", ""Jib""]}",1,677,2022-11-15T04:07:56.944410Z,2022-11-15T04:07:56.944410Z,1.34
/data/upload/4/fe5de51d-c713771b-166a-423d-ad90-331f6e10786a.jpg,675,"{""choices"": [""Main"", ""Jib""]}",1,676,2022-11-15T04:07:54.987584Z,2022-11-15T04:07:54.987584Z,1.316
/data/upload/4/77e1e5b1-c98888c7-1cb1-4fe8-b2fd-b29292471bfc.jpg,674,Main,1,675,2022-11-15T04:07:53.325835Z,2022-11-15T04:07:53.325835Z,1.078
/data/upload/4/8ad7c51e-c77171de-0552-4880-bf6a-e41e33c17673.jpg,673,"{""choices"": [""Main"", ""Jib""]}",1,674,2022-11-15T04:07:51.620201Z,2022-11-15T04:07:51.620201Z,1.338
/data/upload/4/33aad673-c97e03b4-62d6-4599-a279-da24352e53f5.jpg,672,"{""choices"": [""Main"", ""Jib""]}",1,673,2022-11-15T04:07:49.943492Z,2022-11-15T04:07:49.943492Z,1.515
/data/upload/4/c69aa2c6-c081ed8a-de8c-4371-a877-58823bb86b15.jpg,671,Main,1,672,2022-11-15T04:07:47.739975Z,2022-11-15T04:07:47.739975Z,1.865
/data/upload/4/251dae69-c74c362c-e34e-4467-90be-aa09dc3d54f2.jpg,670,"{""choices"": [""Main"", ""Spinnaker""]}",1,671,2022-11-15T04:07:45.497718Z,2022-11-15T04:07:45.497718Z,1.52
/data/upload/4/1ea16bfb-c56fb6b6-f38a-43c8-80bb-12caf972298c.jpg,669,"{""choices"": [""Main"", ""Jib""]}",1,670,2022-11-15T04:07:43.321304Z,2022-11-15T04:07:43.321304Z,1.868
/data/upload/4/42aefd66-c51f814d-dedb-46d0-ad7e-66ffa96ccec1.jpg,668,"{""choices"": [""Main"", ""Jib""]}",1,669,2022-11-15T04:07:41.017639Z,2022-11-15T04:07:41.017639Z,1.197
/data/upload/4/d9288a85-c51bfea2-df2f-4702-8c96-e7a972a58688.jpg,667,"{""choices"": [""Main"", ""Jib""]}",1,668,2022-11-15T04:07:39.172748Z,2022-11-15T04:07:39.172748Z,1.245
/data/upload/4/43bcff84-c26afb35-8d27-4a57-85eb-8db6d25648d0.jpg,666,,1,667,2022-11-15T04:07:37.593924Z,2022-11-15T04:07:37.593924Z,1.072
/data/upload/4/75c98cf1-c4e375f2-0112-464d-b505-566577133dc7.jpg,665,Main,1,666,2022-11-15T04:07:35.819737Z,2022-11-15T04:07:35.819737Z,5.871
/data/upload/4/2d568b2b-c4d88d71-6892-4bcf-80b9-9f5978e6fbef.jpg,664,"{""choices"": [""Main"", ""Jib""]}",1,665,2022-11-15T04:07:29.529045Z,2022-11-15T04:07:29.529045Z,1.482
/data/upload/4/3c36fea4-c4c56ca2-5121-4475-bdc9-32dd3a8fbcac.jpg,663,"{""choices"": [""Main"", ""Jib""]}",1,664,2022-11-15T04:07:27.271111Z,2022-11-15T04:07:27.271111Z,2.065
/data/upload/4/8230346f-c1d436c6-43fd-4187-9b21-c6a70f2e4808.jpg,662,"{""choices"": [""Main"", ""Spinnaker""]}",1,663,2022-11-15T04:07:24.785689Z,2022-11-15T04:07:24.785689Z,1.874
/data/upload/4/af70a5f4-c1d89ceb-c998-47cb-b91a-89fd4ca7ccd6.jpg,661,"{""choices"": [""Main"", ""Jib""]}",1,662,2022-11-15T04:07:22.170820Z,2022-11-15T04:07:22.170820Z,1.386
/data/upload/4/eebceb15-c0c661b4-1627-461c-bf92-14644098c7fc.jpg,660,"{""choices"": [""Main"", ""Spinnaker""]}",1,661,2022-11-15T04:07:20.319650Z,2022-11-15T04:07:20.319650Z,4.582
/data/upload/4/1c432841-bffaa906-6a75-48fc-a0e3-e66123b8e6b8.jpg,659,"{""choices"": [""Main"", ""Jib""]}",1,660,2022-11-15T04:07:15.061332Z,2022-11-15T04:07:15.061332Z,1.269
/data/upload/4/24f6a42a-bf4dc504-eb15-4566-ac1e-3a0176f00f92.jpg,658,,1,659,2022-11-15T04:07:13.508317Z,2022-11-15T04:07:13.508317Z,1.013
/data/upload/4/abf3009d-be3fcf8f-d185-48c0-a05e-3cd2029726a5.jpg,657,"{""choices"": [""Main"", ""Jib""]}",1,658,2022-11-15T04:07:11.867111Z,2022-11-15T04:07:11.867111Z,1.426
/data/upload/4/c386f492-bdea5f35-dd91-4c8b-8698-3bce4803ef07.jpg,656,,1,657,2022-11-15T04:07:10.131009Z,2022-11-15T04:07:10.131009Z,0.745
/data/upload/4/7b677fcb-bdb91b35-44a4-4d5b-b810-2ac5b70209c6.jpg,655,,1,656,2022-11-15T04:07:08.773155Z,2022-11-15T04:07:08.773155Z,1.002
/data/upload/4/6a6fbb52-bd6919f6-89fa-4a4d-b0e7-e42245a11dcb.jpg,654,Reject Photo,1,655,2022-11-15T04:07:07.472428Z,2022-11-15T04:07:07.472428Z,5.251
/data/upload/4/79eb229d-bd3b31f9-25a5-4686-be7c-7c20136d5127.jpg,653,,1,654,2022-11-15T04:07:01.596657Z,2022-11-15T04:07:01.596657Z,2.434
/data/upload/4/75293c3e-bcbef13b-d41e-4add-84d8-150ed888c726.jpg,652,"{""choices"": [""Main"", ""Jib""]}",1,653,2022-11-15T04:06:58.809064Z,2022-11-15T04:06:58.809064Z,1.75
/data/upload/4/7355035a-bad2d9b9-71d4-4ae1-accf-6c589fbbb661.jpg,651,,1,652,2022-11-15T04:06:56.405201Z,2022-11-15T04:06:56.405201Z,1.023
/data/upload/4/7fa6d018-b5229888-e3e3-40a6-8823-51b1ea46a40a.jpg,650,Main,1,651,2022-11-15T04:06:55.077856Z,2022-11-15T04:06:55.077856Z,0.983
/data/upload/4/e7c08143-b824400f-0966-46c7-b2c3-8791452d4b2f.jpg,649,"{""choices"": [""Main"", ""Jib""]}",1,650,2022-11-15T04:06:53.477688Z,2022-11-15T04:06:53.477688Z,1.346
/data/upload/4/d90e6e5d-b664253c-6fd3-4fcb-99bc-8061562e02da.jpg,648,Main,1,649,2022-11-15T04:06:51.823807Z,2022-11-15T04:06:51.823807Z,1.225
/data/upload/4/a73792e2-b2575e4c-afdb-4382-b3af-1683850ed312.jpg,647,Reject Photo,1,648,2022-11-15T04:06:49.967737Z,2022-11-15T04:06:49.967737Z,4.616
/data/upload/4/352bfd73-b739dd8b-7478-4311-b758-3d0da85ed87f.jpg,646,Reject Photo,1,647,2022-11-15T04:06:45.029088Z,2022-11-15T04:06:45.029088Z,2.977
/data/upload/4/2b6c184b-b98d2213-1ec8-4b84-845a-3af8ffdbde0b.jpg,645,Reject Photo,1,646,2022-11-15T04:06:41.372219Z,2022-11-15T04:06:41.372219Z,4.579
/data/upload/4/f084e41f-b095c30c-7e22-4cda-addf-b3f6c1590247.jpg,644,"{""choices"": [""Main"", ""Spinnaker""]}",1,645,2022-11-15T04:06:36.400111Z,2022-11-15T04:06:36.400111Z,3.147
/data/upload/4/bbc8c1ea-b91ffaca-f6d7-4081-9735-0ffe699498eb.jpg,643,"{""choices"": [""Main"", ""Jib""]}",1,644,2022-11-15T04:06:32.570819Z,2022-11-15T04:06:32.570819Z,1.705
/data/upload/4/8499d8f8-b083ebe9-c371-41a6-b5b4-3b3ac5e61226.jpg,642,"{""choices"": [""Main"", ""Spinnaker""]}",1,643,2022-11-15T04:06:30.477837Z,2022-11-15T04:06:30.477837Z,1.64
/data/upload/4/a99b60e2-b73b5b3a-5884-4487-9bd1-53ae084b60a3.jpeg,641,"{""choices"": [""Main"", ""Jib""]}",1,642,2022-11-15T04:06:28.173257Z,2022-11-15T04:06:28.173257Z,1.559
/data/upload/4/bc5533db-b068ed34-f0b8-4857-8e48-1252c72e17dd.jpg,640,Main,1,641,2022-11-15T04:06:26.172842Z,2022-11-15T04:06:26.172842Z,1.67
/data/upload/4/c9837b63-b65f0e3c-f46e-407b-8981-f744675968be.jpg,639,Main,1,640,2022-11-15T04:06:23.775174Z,2022-11-15T04:06:23.776178Z,1.018
/data/upload/4/8f13baf1-b62e587c-3ae8-48cd-b959-943b184fde9d.jpg,638,Main,1,639,2022-11-15T04:06:22.312384Z,2022-11-15T04:06:22.312384Z,1.583
/data/upload/4/68491dc2-b58d5a6e-7c8d-44d6-8af8-d43c852fc6ca.jpg,637,"{""choices"": [""Main"", ""Jib"", ""Spinnaker""]}",1,638,2022-11-15T04:06:20.030880Z,2022-11-15T04:06:20.030880Z,1.705
/data/upload/4/afb0b4c1-b46f8d07-4e4e-4ae9-8822-5424d06626e2.jpg,636,"{""choices"": [""Main"", ""Spinnaker""]}",1,637,2022-11-15T04:06:17.978303Z,2022-11-15T04:06:17.978303Z,1.621
/data/upload/4/b042858d-b35ffbbb-d768-4d10-926d-c172c16fce8a.jpg,635,"{""choices"": [""Main"", ""Jib""]}",1,636,2022-11-15T04:06:15.719894Z,2022-11-15T04:06:15.719894Z,1.225
/data/upload/4/48619cf6-b22b0dad-de7c-4001-acfe-e25d734f28fb.jpg,634,Spinnaker,1,635,2022-11-15T04:06:14.103784Z,2022-11-15T04:06:14.103784Z,2.516
/data/upload/4/242768f1-b8eeffca-09df-42df-a460-1c864718a2fc.jpg,633,"{""choices"": [""Main"", ""Jib""]}",1,634,2022-11-15T04:06:10.926925Z,2022-11-15T04:06:10.926925Z,1.296
/data/upload/4/a8587a3f-b5fbee22-f0b1-4c9f-9765-9fdc6377c653.jpg,632,Reject Photo,1,633,2022-11-15T04:06:09.280135Z,2022-11-15T04:06:09.280135Z,5.835
/data/upload/4/9b811fb9-b5f51336-0c2d-4762-bffb-9e4581fce101.jpg,631,,1,632,2022-11-15T04:06:02.789056Z,2022-11-15T04:06:02.789056Z,1.108
/data/upload/4/88fb0722-b4d5a1ab-66d5-488e-bb7a-b183779881bb.jpg,630,"{""choices"": [""Main"", ""Jib""]}",1,631,2022-11-15T04:06:01.307243Z,2022-11-15T04:06:01.307243Z,1.32
/data/upload/4/7db39188-b1fae4d4-cec4-4e7b-8c7d-02d7abca97e3.jpg,629,"{""choices"": [""Main"", ""Jib""]}",1,630,2022-11-15T04:05:59.307321Z,2022-11-15T04:05:59.307321Z,1.221
/data/upload/4/37c4e588-b0cf185d-ac25-4a7b-89fe-746fcc30ed60.jpeg,628,"{""choices"": [""Main"", ""Jib"", ""Spinnaker""]}",1,629,2022-11-15T04:05:57.610939Z,2022-11-15T04:05:57.610939Z,1.679
/data/upload/4/1f945366-af1b0412-9d02-487e-af6f-f3c206a78ae2.jpg,627,"{""choices"": [""Main"", ""Jib"", ""Spinnaker""]}",1,628,2022-11-15T04:05:55.225089Z,2022-11-15T04:05:55.225089Z,6.286
/data/upload/4/81139001-adbbca28-eb7b-4e2d-a508-e8a084f2edd6.jpg,626,"{""choices"": [""Main"", ""Jib""]}",1,627,2022-11-15T04:05:48.548750Z,2022-11-15T04:05:48.548750Z,1.745
/data/upload/4/0b4f85b3-adbabf4a-56c6-478b-8bc5-036430b3adf0.jpg,625,"{""choices"": [""Main"", ""Jib""]}",1,626,2022-11-15T04:05:46.112745Z,2022-11-15T04:05:46.112745Z,1.225
/data/upload/4/709e1647-ad824cb4-45b2-4436-9d0b-e68f3db6fa39.jpg,624,,1,625,2022-11-15T04:05:44.553731Z,2022-11-15T04:05:44.553731Z,3.571
/data/upload/4/12f3f086-ad3ead2c-8555-4ed7-80f7-b94306f2af88.jpg,623,Main,1,624,2022-11-15T04:05:40.351072Z,2022-11-15T04:05:40.351072Z,19.894
/data/upload/4/667ab0cd-ac66a16f-321f-4ddf-91ba-cb42aaecd9da.jpg,622,"{""choices"": [""Main"", ""Jib""]}",1,623,2022-11-15T04:05:20.124931Z,2022-11-15T04:05:20.124931Z,1.445
/data/upload/4/5627203f-ac1a947e-c067-4c3f-b7d8-ffa9b476aabc.jpg,621,,1,622,2022-11-15T04:05:18.084550Z,2022-11-15T04:05:18.084550Z,1.479
/data/upload/4/602992ea-abbe9a3c-fb25-443d-85d4-8b8a316ff6e7.jpg,620,"{""choices"": [""Main"", ""Jib""]}",1,621,2022-11-15T04:05:16.279555Z,2022-11-15T04:05:16.279555Z,1.338
/data/upload/4/ffd81aa5-aa676072-0915-471b-9826-79b2f661f526.jpg,619,,1,620,2022-11-15T04:05:14.307658Z,2022-11-15T04:05:14.307658Z,1.102
/data/upload/4/1cce9e86-a7595f0c-4620-468e-9bf8-520b34d688ec.jpg,618,,1,619,2022-11-15T04:05:12.914553Z,2022-11-15T04:05:12.914553Z,1.149
/data/upload/4/8ad072ec-a977a058-d2ac-43b1-9f55-ff54152210dc.jpg,617,"{""choices"": [""Main"", ""Jib""]}",1,618,2022-11-15T04:05:11.158526Z,2022-11-15T04:05:11.158526Z,1.614
/data/upload/4/c99446ea-a640ca17-5b49-4b7b-8175-1a8dee1ea0ef.jpg,616,"{""choices"": [""Main"", ""Jib""]}",1,617,2022-11-15T04:05:09.248541Z,2022-11-15T04:05:09.248541Z,1.98
/data/upload/4/978093b7-a67b46fd-5a2f-4d52-b786-a3e3d0e5d21a.jpg,615,Main,1,616,2022-11-15T04:05:06.592046Z,2022-11-15T04:05:06.592046Z,1.054
/data/upload/4/45b3a16b-a8fe25e0-ee2c-4d71-ab67-5326eecd52c9.jpg,614,"{""choices"": [""Main"", ""Jib""]}",1,615,2022-11-15T04:05:05.203573Z,2022-11-15T04:05:05.203573Z,1.283
/data/upload/4/5cbc79ba-a8a09df9-202a-45a0-ac8e-b640d64df34b.jpg,613,"{""choices"": [""Main"", ""Jib""]}",1,614,2022-11-15T04:05:03.216369Z,2022-11-15T04:05:03.216369Z,1.404
/data/upload/4/509825e1-a7bef8bd-401c-4728-b614-8c1a77881232.jpg,612,"{""choices"": [""Main"", ""Spinnaker""]}",1,613,2022-11-15T04:05:01.433695Z,2022-11-15T04:05:01.433695Z,2.973
/data/upload/4/ec10ad3b-a6a4de84-f6bd-4190-be20-79af3dca115e.jpg,611,"{""choices"": [""Main"", ""Jib""]}",1,612,2022-11-15T04:04:57.831011Z,2022-11-15T04:04:57.831011Z,1.168
/data/upload/4/1782f29e-a3a9f1e5-3b5a-479c-977e-66c083712f89.jpg,610,"{""choices"": [""Main"", ""Spinnaker""]}",1,611,2022-11-15T04:04:56.279045Z,2022-11-15T04:04:56.279045Z,1.403
/data/upload/4/fae5d8b0-a1af4b9f-f293-4c97-8653-43a169238205.jpg,609,"{""choices"": [""Main"", ""Jib""]}",1,610,2022-11-15T04:04:54.144257Z,2022-11-15T04:04:54.144257Z,1.204
/data/upload/4/f47105a8-97321482-1808-4122-ac13-65348ed08918.jpg,608,"{""choices"": [""Main"", ""Jib""]}",1,609,2022-11-15T04:04:52.512033Z,2022-11-15T04:04:52.512033Z,1.399
/data/upload/4/4e614dd7-92846210-8f0b-47ed-9761-60fa234cf4f7.jpg,607,"{""choices"": [""Main"", ""Jib""]}",1,608,2022-11-15T04:04:50.423516Z,2022-11-15T04:04:50.423516Z,1.308
/data/upload/4/e0a2e3cb-88055685-7309-480b-a370-341a0cc545f1.jpg,606,Main,1,607,2022-11-15T04:04:48.814853Z,2022-11-15T04:04:48.814853Z,1.055
/data/upload/4/17bec98e-68633381-51c8-4836-83e5-d29c1bbab577.jpg,605,"{""choices"": [""Main"", ""Jib""]}",1,606,2022-11-15T04:04:47.157617Z,2022-11-15T04:04:47.157617Z,1.705
/data/upload/4/56df7c4f-49360160-fb07-447e-b430-ba8194fca442.jpg,604,"{""choices"": [""Main"", ""Jib""]}",1,605,2022-11-15T04:04:45.158731Z,2022-11-15T04:04:45.158731Z,1.325
/data/upload/4/ec84e03e-24831641-cebb-4d96-90d6-4eb997e9a7b3.jpg,603,"{""choices"": [""Main"", ""Jib""]}",1,604,2022-11-15T04:04:43.240229Z,2022-11-15T04:04:43.240229Z,1.243
/data/upload/4/01b0fea3-18924336-f63a-449a-a438-260386a4dc93.jpg,602,"{""choices"": [""Main"", ""Jib""]}",1,603,2022-11-15T04:04:41.687320Z,2022-11-15T04:04:41.687320Z,1.41
/data/upload/4/5f57fffe-15977848-ab74-437d-b445-9a26668d71d5.jpg,601,Reject Photo,1,602,2022-11-15T04:04:39.664047Z,2022-11-15T04:04:39.664047Z,3.383
/data/upload/4/4e5e639d-8276769f-e74d-43a0-b8b9-dfb0e63c6f36.jpg,600,,1,601,2022-11-15T04:04:35.979866Z,2022-11-15T04:04:35.979866Z,0.87
/data/upload/4/778d77f6-07241897-bb61-4b74-b2a4-87aa80bff91b.jpg,599,"{""choices"": [""Main"", ""Jib""]}",1,600,2022-11-15T04:04:34.484444Z,2022-11-15T04:04:34.484444Z,1.169
/data/upload/4/92c0810a-5524875d-7338-41b1-943a-66ffdf8ea185.jpg,598,,1,599,2022-11-15T04:04:33.047089Z,2022-11-15T04:04:33.047089Z,2.179
/data/upload/4/711c8a99-5450446e-d44e-4058-b275-86ed9248cebf.jpg,597,"{""choices"": [""Main"", ""Spinnaker""]}",1,598,2022-11-15T04:04:30.239625Z,2022-11-15T04:04:30.239625Z,2.681
/data/upload/4/58261d67-02516070-ca3b-4be5-b440-ed06898f289e.jpg,596,"{""choices"": [""Main"", ""Spinnaker""]}",1,597,2022-11-15T04:04:27.177645Z,2022-11-15T04:04:27.177645Z,1.361
/data/upload/4/ff8d9d9e-02038884-9dc1-4d4c-91c6-9397410c7bcc.jpg,595,,1,596,2022-11-15T04:04:25.192412Z,2022-11-15T04:04:25.192412Z,0.961
/data/upload/4/c7cf8321-1883670e-9147-4b69-9af4-896bdc8a31a9.jpeg,594,"{""choices"": [""Main"", ""Jib""]}",1,595,2022-11-15T04:04:23.810823Z,2022-11-15T04:04:23.810823Z,1.163
/data/upload/4/c245b87c-1033476d-7ec9-4527-8891-0039f3f8bba1.JPG,593,,1,594,2022-11-15T04:04:21.943348Z,2022-11-15T04:04:21.943348Z,1.238
/data/upload/4/6595999f-919634c8-3e28-489d-8a45-6ed7eb7fe537.jpg,592,"{""choices"": [""Main"", ""Jib""]}",1,593,2022-11-15T04:04:20.317047Z,2022-11-15T04:04:20.318045Z,1.356
/data/upload/4/00af8ef5-846248c6-df64-40f7-bec3-4f57940b717a.jpg,591,Main,1,592,2022-11-15T04:04:18.268395Z,2022-11-15T04:04:18.268395Z,1.073
/data/upload/4/e4fda51e-782905da-161b-46ba-a511-3793ca5a3f7a.jpg,590,"{""choices"": [""Main"", ""Spinnaker""]}",1,591,2022-11-15T04:04:16.786784Z,2022-11-15T04:04:16.786784Z,1.955
/data/upload/4/f03a75ae-0682145f-60f6-4f09-b6dc-5a5cf772101f.jpg,589,"{""choices"": [""Main"", ""Jib""]}",1,590,2022-11-15T04:04:14.059633Z,2022-11-15T04:04:14.059633Z,1.492
/data/upload/4/91ba8c0c-655890fe-fdc3-4c3c-8db2-ef95a9b07db5.jpg,588,"{""choices"": [""Main"", ""Spinnaker""]}",1,589,2022-11-15T04:04:12.099606Z,2022-11-15T04:04:12.099606Z,3.195
/data/upload/4/69bcfa2e-434683f3-70c5-4b9b-bbb8-ce8c43c3529d.jpg,587,,1,588,2022-11-15T04:04:08.260806Z,2022-11-15T04:04:08.260806Z,0.979
/data/upload/4/3eacc335-324267cb-2f3f-46ff-81d4-6cdc2860befa.jpg,586,"{""choices"": [""Main"", ""Jib""]}",1,587,2022-11-15T04:04:06.960902Z,2022-11-15T04:04:06.960902Z,1.059
/data/upload/4/2324ace1-273654f9-f640-4c61-8aa8-7969fdba20c9.jpg,585,"{""choices"": [""Main"", ""Spinnaker""]}",1,586,2022-11-15T04:04:05.235612Z,2022-11-15T04:04:05.235612Z,1.429
/data/upload/4/73ae0665-95597f07-a19a-405e-a005-2be850e25b0b.jpeg,584,"{""choices"": [""Main"", ""Jib""]}",1,585,2022-11-15T04:04:03.475866Z,2022-11-15T04:04:03.475866Z,1.545
/data/upload/4/4c36e445-84170bf8-a992-42ba-b9e7-2faa1687f2a0.jpg,583,"{""choices"": [""Main"", ""Jib""]}",1,584,2022-11-15T04:04:01.272490Z,2022-11-15T04:04:01.272490Z,1.207
/data/upload/4/0463de0e-77029e47-2ea3-4803-b9d0-66eeb52a1389.jpg,582,,1,583,2022-11-15T04:03:59.716728Z,2022-11-15T04:03:59.716728Z,1.031
/data/upload/4/97b73f29-66867a6c-7f55-434e-8541-03a3c9542782.jpg,581,"{""choices"": [""Main"", ""Jib""]}",1,582,2022-11-15T04:03:58.007343Z,2022-11-15T04:03:58.007343Z,1.211
/data/upload/4/b70a58ab-63663a92-1b61-4054-bed2-6e05e7893fe3.jpg,580,"{""choices"": [""Main"", ""Jib""]}",1,581,2022-11-15T04:03:56.494809Z,2022-11-15T04:03:56.494809Z,1.466
/data/upload/4/17139e0c-52416b42-174e-4c81-881d-a98ef27a2f49.jpg,579,"{""choices"": [""Main"", ""Jib""]}",1,580,2022-11-15T04:03:54.419891Z,2022-11-15T04:03:54.420892Z,2.467
/data/upload/4/e85f2e7b-34157c5c-9adc-4575-8979-c71479d558c7.jpg,578,"{""choices"": [""Main"", ""Jib""]}",1,579,2022-11-15T04:03:51.481695Z,2022-11-15T04:03:51.481695Z,1.246
/data/upload/4/f2eb0467-25009f7f-60bb-4055-9171-9e5be5c109d1.jpg,577,,1,578,2022-11-15T04:03:49.583344Z,2022-11-15T04:03:49.583344Z,0.948
/data/upload/4/349301a8-021925cb-112b-4378-9b96-188051bcf173.jpg,576,,1,577,2022-11-15T04:03:48.259877Z,2022-11-15T04:03:48.259877Z,0.998
/data/upload/4/ecd75009-21575bc4-30a8-419b-8bb7-cb687e6b0f68.jpg,575,"{""choices"": [""Main"", ""Jib""]}",1,576,2022-11-15T04:03:46.578532Z,2022-11-15T04:03:46.578532Z,1.233
/data/upload/4/f6eedd08-19630a7b-07aa-4d00-b3ec-0a45045163c1.jpg,574,"{""choices"": [""Main"", ""Spinnaker""]}",1,575,2022-11-15T04:03:44.956949Z,2022-11-15T04:03:44.956949Z,1.54
/data/upload/4/9b29dd09-12680ccf-a57e-40e8-b72d-3315a034b07a.jpg,573,Main,1,574,2022-11-15T04:03:42.763542Z,2022-11-15T04:03:42.763542Z,1.871
/data/upload/4/9831527b-11384dd4-9ba7-4071-bf51-ca25fdef18a6.jpg,572,"{""choices"": [""Main"", ""Spinnaker""]}",1,573,2022-11-15T04:03:40.498842Z,2022-11-15T04:03:40.498842Z,2.022
/data/upload/4/e588fd16-9979a376-3dcb-48b5-889a-086aa199139c.jpg,571,"{""choices"": [""Main"", ""Jib""]}",1,572,2022-11-15T04:03:37.811499Z,2022-11-15T04:03:37.811499Z,1.325
/data/upload/4/06c611c1-9691a725-49bb-4584-a42e-ad681f87b5db.jpg,570,"{""choices"": [""Main"", ""Jib"", ""Spinnaker""]}",1,571,2022-11-15T04:03:36.188224Z,2022-11-15T04:03:36.188224Z,2.322
/data/upload/4/f86a3dbc-8764c2e9-8487-4e52-9ff4-44daf5f8f574.jpg,569,"{""choices"": [""Main"", ""Jib""]}",1,570,2022-11-15T04:03:33.269847Z,2022-11-15T04:03:33.269847Z,1.29
/data/upload/4/34a97da6-7866a79f-fc50-4b46-a7cb-a70da73fe031.jpeg,568,"{""choices"": [""Main"", ""Jib""]}",1,569,2022-11-15T04:03:31.600576Z,2022-11-15T04:03:31.600576Z,1.252
/data/upload/4/64f29b26-7794ae1e-b1fe-4865-86e4-30df66d6f834.jpg,567,"{""choices"": [""Main"", ""Jib""]}",1,568,2022-11-15T04:03:29.731800Z,2022-11-15T04:03:29.731800Z,1.345
/data/upload/4/8b54f869-7260b4cd-8039-4e2a-9b96-59dcfde0bcc8.jpg,566,,1,567,2022-11-15T04:03:28.068818Z,2022-11-15T04:03:28.069789Z,0.956
/data/upload/4/31516c1e-7033c564-1132-4fe4-969a-c9bc6be26080.jpg,565,,1,566,2022-11-15T04:03:26.500260Z,2022-11-15T04:03:26.500260Z,0.951
/data/upload/4/ea590acc-06899b6b-a022-4707-ae97-cce9e79bccde.jpg,564,"{""choices"": [""Main"", ""Jib""]}",1,565,2022-11-15T04:03:25.196430Z,2022-11-15T04:03:25.196430Z,1.434
/data/upload/4/b9ae673d-6854be7c-fa19-4ba7-a0b0-f64957b32833.jpeg,563,,1,564,2022-11-15T04:03:23.141771Z,2022-11-15T04:03:23.141771Z,2.67
/data/upload/4/0983231a-6431fbe1-28b0-4d9d-9d11-b7af49729ea5.jpg,562,,1,563,2022-11-15T04:03:20.129464Z,2022-11-15T04:03:20.129464Z,1.124
/data/upload/4/d2572e6b-6406a98b-cf1a-4358-88b2-f30df4837d1e.jpg,561,"{""choices"": [""Main"", ""Spinnaker""]}",1,562,2022-11-15T04:03:18.326083Z,2022-11-15T04:03:18.326083Z,3.156
/data/upload/4/542d9a1d-05459d5b-6578-45cc-b740-8281bc3d4956.jpg,560,"{""choices"": [""Main"", ""Jib""]}",1,561,2022-11-15T04:03:14.861454Z,2022-11-15T04:03:14.861454Z,1.216
/data/upload/4/f61c5c79-5271c62a-1360-4f71-9b2e-ec748a4f11ae.jpg,559,"{""choices"": [""Main"", ""Jib""]}",1,560,2022-11-15T04:03:13.003836Z,2022-11-15T04:03:13.003836Z,1.688
/data/upload/4/0545a812-4760f7ed-78dd-4331-9ee2-65fbeb441ee0.jpg,558,"{""choices"": [""Main"", ""Jib""]}",1,559,2022-11-15T04:03:10.945872Z,2022-11-15T04:03:10.945872Z,1.633
/data/upload/4/d4a037de-4502dfd3-e289-4058-998c-4fb50fb95272.jpg,557,"{""choices"": [""Main"", ""Jib""]}",1,558,2022-11-15T04:03:08.708986Z,2022-11-15T04:03:08.708986Z,1.698
/data/upload/4/e199745b-4284a27f-d1ad-4ebc-a486-864119c146ea.jpg,556,,1,557,2022-11-15T04:03:06.726384Z,2022-11-15T04:03:06.726384Z,1.367
/data/upload/4/4a50d17b-4279ce8f-fd88-4de0-80c7-2f75afa11873.jpg,555,Reject Photo,1,556,2022-11-15T04:03:04.748193Z,2022-11-15T04:03:04.748193Z,3.127
/data/upload/4/a4641971-03888d0d-7ffd-456c-a193-feeaf3c360ac.jpg,554,"{""choices"": [""Main"", ""Jib""]}",1,555,2022-11-15T04:03:01.289011Z,2022-11-15T04:03:01.289011Z,1.382
/data/upload/4/a3802157-3694aca3-ea45-4f7a-958e-92d5abaa0a41.jpg,553,"{""choices"": [""Main"", ""Jib""]}",1,554,2022-11-15T04:02:59.302988Z,2022-11-15T04:02:59.302988Z,1.313
/data/upload/4/38eae1a1-3557aac2-faf0-490a-9b9b-f8cea8ec1f43.jpg,552,"{""choices"": [""Main"", ""Jib""]}",1,553,2022-11-15T04:02:57.643120Z,2022-11-15T04:02:57.643120Z,3.618
/data/upload/4/233be2b9-3007eec3-2d72-4d96-9362-8e6de10f4995.jpg,551,"{""choices"": [""Main"", ""Jib""]}",1,552,2022-11-15T04:02:53.404887Z,2022-11-15T04:02:53.404887Z,1.377
/data/upload/4/16d085f4-2584ff0d-623b-43b6-b472-90b2d6b18248.jpg,550,,1,551,2022-11-15T04:02:51.744057Z,2022-11-15T04:02:51.744057Z,1.011
/data/upload/4/2256bdb1-02517d15-887e-4324-b615-bf7bf299b2ab.jpg,549,,1,550,2022-11-15T04:02:50.115988Z,2022-11-15T04:02:50.115988Z,1.294
/data/upload/4/7e01f057-2434d9f8-9835-4130-a08e-3ea98ee6aded.jpg,548,,1,549,2022-11-15T04:02:48.509967Z,2022-11-15T04:02:48.509967Z,1.252
/data/upload/4/1cdfb1a0-2293db09-711b-4962-9bac-d135f57497b9.jpg,547,"{""choices"": [""Main"", ""Jib""]}",1,548,2022-11-15T04:02:46.612798Z,2022-11-15T04:02:46.612798Z,1.312
/data/upload/4/1473195e-1682bb4a-af49-424d-869b-9daccecd9480.jpg,546,"{""choices"": [""Main"", ""Jib""]}",1,547,2022-11-15T04:02:44.941811Z,2022-11-15T04:02:44.941811Z,1.111
/data/upload/4/c2fba581-982c66fd-a509-47c1-9d12-f1705afab0ba.jpg,545,"{""choices"": [""Main"", ""Jib""]}",1,546,2022-11-15T04:02:43.105047Z,2022-11-15T04:02:43.105047Z,1.273
/data/upload/4/b2ae0349-0951dd1f-3af3-4fff-89cf-a62e908d758f.jpg,544,"{""choices"": [""Main"", ""Jib""]}",1,545,2022-11-15T04:02:41.444182Z,2022-11-15T04:02:41.444182Z,1.404
/data/upload/4/02160fe4-925f8b6f-14af-4d1f-9661-0805b9495a86.jpg,543,"{""choices"": [""Main"", ""Spinnaker""]}",1,544,2022-11-15T04:02:39.627250Z,2022-11-15T04:02:39.627250Z,6.322
/data/upload/4/2191e20d-913e9c22-b83b-43a0-afb6-ab679eb97f7c.jpg,542,"{""choices"": [""Main"", ""Spinnaker""]}",1,543,2022-11-15T04:02:32.618640Z,2022-11-15T04:02:32.618640Z,1.515
/data/upload/4/40c47514-903a4eaa-9fa9-4abf-943f-561239d64606.jpg,541,"{""choices"": [""Main"", ""Spinnaker""]}",1,542,2022-11-15T04:02:30.803516Z,2022-11-15T04:02:30.803516Z,1.654
/data/upload/4/7b9f597b-854fadb5-5343-49b1-a838-4dd66548d513.jpg,540,"{""choices"": [""Main"", ""Jib""]}",1,541,2022-11-15T04:02:28.547861Z,2022-11-15T04:02:28.547861Z,1.539
/data/upload/4/5bcb51cc-776ed289-9048-4e05-bef7-79188f0b6abc.jpg,539,"{""choices"": [""Main"", ""Jib"", ""Spinnaker""]}",1,540,2022-11-15T04:02:26.714777Z,2022-11-15T04:02:26.714777Z,1.963
/data/upload/4/f599f228-769af8a7-ca8f-4ec4-abaf-3b3bee6e7d38.jpg,538,"{""choices"": [""Main"", ""Jib""]}",1,539,2022-11-15T04:02:24.152796Z,2022-11-15T04:02:24.152796Z,1.348
/data/upload/4/aeb80be6-767fc5c2-aaf2-49bd-90c4-517e86564a55.jpg,537,"{""choices"": [""Main"", ""Jib""]}",1,538,2022-11-15T04:02:22.486682Z,2022-11-15T04:02:22.486682Z,1.274
/data/upload/4/7de55a5d-738a025b-4f63-41a6-8d5a-c7d5bc9ad6c8.jpg,536,,1,537,2022-11-15T04:02:20.590272Z,2022-11-15T04:02:20.590272Z,1.031
/data/upload/4/886b0fbb-700a9e51-9b9f-4a00-9a40-138b080ba6ab.jpg,535,"{""choices"": [""Main"", ""Jib""]}",1,536,2022-11-15T04:02:19.255527Z,2022-11-15T04:02:19.255527Z,1.489
/data/upload/4/7c7a6ee1-0695e828-8b4c-4d29-b9d4-e5c44decb829.jpg,534,,1,535,2022-11-15T04:02:17.130536Z,2022-11-15T04:02:17.130536Z,0.988
/data/upload/4/a443d0d1-681cfeff-f8d2-450d-a2f5-f2c95d968893.gif,533,"{""choices"": [""Main"", ""Jib""]}",1,534,2022-11-15T04:02:15.857565Z,2022-11-15T04:02:15.857565Z,1.237
/data/upload/4/9003ff1c-668f01a6-b668-430d-b0bf-d29f620279a3.jpg,532,"{""choices"": [""Main"", ""Jib""]}",1,533,2022-11-15T04:02:14.015565Z,2022-11-15T04:02:14.015565Z,1.663
/data/upload/4/3cc16880-0643a847-cee3-4d18-ada8-d446f42057b9.jpg,531,"{""choices"": [""Main"", ""Jib""]}",1,532,2022-11-15T04:02:12.036741Z,2022-11-15T04:02:12.036741Z,1.854
/data/upload/4/69d331ae-639c6671-a723-45b2-9a71-528d4864bf92.jpg,530,Main,1,531,2022-11-15T04:02:09.548313Z,2022-11-15T04:02:09.548313Z,2.493
/data/upload/4/ecd59146-554fc3e4-dc83-46bf-bfe2-57e521d8a4ef.jpg,529,"{""choices"": [""Main"", ""Jib""]}",1,530,2022-11-15T04:02:06.720696Z,2022-11-15T04:02:06.720696Z,1.334
/data/upload/4/61ef3467-500b84c9-9f03-4ef1-b52c-98ffcbd7cb15.jpg,528,"{""choices"": [""Main"", ""Jib""]}",1,529,2022-11-15T04:02:04.760439Z,2022-11-15T04:02:04.760439Z,1.359
/data/upload/4/bbfaaf35-488ceebe-dd68-4121-844f-9f05eb20fee9.jpg,527,Main,1,528,2022-11-15T04:02:03.062253Z,2022-11-15T04:02:03.062253Z,1.211
/data/upload/4/609cd808-472b1889-f835-40cc-8d52-3347e26daaa0.jpg,526,Reject Photo,1,527,2022-11-15T04:02:01.177083Z,2022-11-15T04:02:01.177083Z,2.135
/data/upload/4/ce35c7a4-468ba0c5-834f-4635-910b-063c55767f01.jpeg,525,"{""choices"": [""Main"", ""Spinnaker""]}",1,526,2022-11-15T04:01:58.673236Z,2022-11-15T04:01:58.673236Z,2.947
/data/upload/4/46ee6e6d-454b3d73-d7b5-464b-b4b6-899d7e2e2d7b.jpg,524,,1,525,2022-11-15T04:01:55.076210Z,2022-11-15T04:01:55.076210Z,1.68
/data/upload/4/aff914de-450e6cd4-2937-41ee-888b-10d2c5515121.jpg,523,"{""choices"": [""Main"", ""Jib""]}",1,524,2022-11-15T04:01:53.024341Z,2022-11-15T04:01:53.024341Z,1.258
/data/upload/4/4bfd2571-445b9622-b046-4215-80d6-b09906705c93.jpg,522,"{""choices"": [""Main"", ""Jib""]}",1,523,2022-11-15T04:01:51.041546Z,2022-11-15T04:01:51.041546Z,1.434
/data/upload/4/4470dd63-445b63e7-6a77-433b-b4c8-472fa26e31dc.jpg,521,"{""choices"": [""Main"", ""Spinnaker""]}",1,522,2022-11-15T04:01:49.074200Z,2022-11-15T04:01:49.075197Z,8.879
/data/upload/4/534d1353-385a04b5-5016-4b27-9e20-dc2e9f75e620.jpg,520,"{""choices"": [""Main"", ""Jib""]}",1,521,2022-11-15T04:01:39.491666Z,2022-11-15T04:01:39.492666Z,1.377
/data/upload/4/62a43725-371bf8d1-7d05-41d1-996b-610527b39d3b.jpg,519,,1,520,2022-11-15T04:01:37.733247Z,2022-11-15T04:01:37.733247Z,1.369
/data/upload/4/01adec26-0317e323-1eb3-4ed3-9b5b-e86904768459.jpg,518,"{""choices"": [""Main"", ""Jib""]}",1,519,2022-11-15T04:01:35.667042Z,2022-11-15T04:01:35.667042Z,1.366
/data/upload/4/c9ee50e8-303c84c1-3e0d-4985-858f-f232580b1232.jpg,517,Main,1,518,2022-11-15T04:01:33.896975Z,2022-11-15T04:01:33.896975Z,1.381
/data/upload/4/6c5dfa51-266b302d-1c92-4439-a55d-aa032f8532c0.jpg,516,"{""choices"": [""Main"", ""Jib""]}",1,517,2022-11-15T04:01:31.860633Z,2022-11-15T04:01:31.860633Z,1.628
/data/upload/4/797a52fb-266ad069-8fb1-42ba-a9f3-d0b2a2966609.jpg,515,Main,1,516,2022-11-15T04:01:29.896875Z,2022-11-15T04:01:29.896875Z,1.202
/data/upload/4/46d35758-232b587d-95ec-44b0-ac29-b308ed17bb3c.jpg,514,Main,1,515,2022-11-15T04:01:28.062858Z,2022-11-15T04:01:28.062858Z,3.932
/data/upload/4/b6e0b4e8-225d2bce-fde0-4df1-bf05-cd0b0b4dd570.jpg,513,,1,514,2022-11-15T04:01:23.816755Z,2022-11-15T04:01:23.816755Z,1.037
/data/upload/4/7d81fc3b-200f637d-1052-447e-9fc0-378fb50d3888.jpg,512,"{""choices"": [""Main"", ""Jib""]}",1,513,2022-11-15T04:01:22.317256Z,2022-11-15T04:01:22.318256Z,1.707
/data/upload/4/0edc8ec9-141f9f7f-1ecc-40fb-a361-082371162029.png,511,Reject Photo,1,512,2022-11-15T04:01:19.785056Z,2022-11-15T04:01:19.785056Z,7.271
/data/upload/4/cc3ba951-138a267f-1dfb-4042-bc42-ed88e8dd35f8.jpg,510,"{""choices"": [""Main"", ""Jib""]}",1,511,2022-11-15T04:01:11.987759Z,2022-11-15T04:01:11.987759Z,1.987
/data/upload/4/31269c2b-125c1456-b755-49db-9c9a-3665cf64f53c.jpg,509,"{""choices"": [""Main"", ""Jib""]}",1,510,2022-11-15T04:01:09.293834Z,2022-11-15T04:01:09.293834Z,1.524
/data/upload/4/7ad003fc-114f4788-e6f7-4c87-be54-95cd5237065e.jpeg,508,,1,509,2022-11-15T04:01:07.458303Z,2022-11-15T04:01:07.458303Z,0.87
/data/upload/4/00f850fe-101a7e48-c5ff-4d6b-917b-364a1b0c5b16.jpg,507,"{""choices"": [""Main"", ""Jib""]}",1,508,2022-11-15T04:01:05.931960Z,2022-11-15T04:01:05.931960Z,1.666
/data/upload/4/f2a98cbd-99f3d992-70f9-4b73-a1a6-e5ac590b479c.jpg,506,"{""choices"": [""Main"", ""Jib"", ""Spinnaker""]}",1,507,2022-11-15T04:01:03.961249Z,2022-11-15T04:01:03.961249Z,3.283
/data/upload/4/cd795f80-097c180b-1a89-4409-b607-5559ef1e3234.jpg,505,,1,506,2022-11-15T04:01:00.074715Z,2022-11-15T04:01:00.074715Z,1.034
/data/upload/4/53697366-96cc2868-46f9-4539-9516-89cfc725176f.jpg,504,,1,505,2022-11-15T04:00:58.755441Z,2022-11-15T04:00:58.755441Z,1.452
/data/upload/4/1c098e6c-95fd7ff7-ed29-4fea-b581-788fd7d2d99a.jpeg,503,"{""choices"": [""Main"", ""Jib""]}",1,504,2022-11-15T04:00:56.700554Z,2022-11-15T04:00:56.700554Z,1.189
/data/upload/4/a9aaf868-91a0b5e7-0ed4-47b4-a03a-522f4c442eba.jpg,502,Main,1,503,2022-11-15T04:00:55.199141Z,2022-11-15T04:00:55.199141Z,1.223
/data/upload/4/71afe1c3-89ca6837-bcfd-4b96-92b2-afa7fe10e454.jpg,501,Main,1,502,2022-11-15T04:00:53.315801Z,2022-11-15T04:00:53.315801Z,1.095
/data/upload/4/3b4d0d8a-88b8cf54-d156-4ca0-955b-192ab51d2dbc.jpg,500,,1,501,2022-11-15T04:00:51.890772Z,2022-11-15T04:00:51.890772Z,0.999
/data/upload/4/94a7721f-85c16e41-5660-4e08-b64e-891cbd8c9056.jpg,499,"{""choices"": [""Main"", ""Jib""]}",1,500,2022-11-15T04:00:50.244118Z,2022-11-15T04:00:50.244118Z,1.194
/data/upload/4/f107032a-84de4ff7-f30d-4210-a3c5-e4e7bf53277d.jpg,498,"{""choices"": [""Main"", ""Jib""]}",1,499,2022-11-15T04:00:48.718819Z,2022-11-15T04:00:48.718819Z,1.255
/data/upload/4/f46ddce8-81e49479-fcdc-4041-94e8-3f1cbe5910ef.jpg,497,,1,498,2022-11-15T04:00:46.827792Z,2022-11-15T04:00:46.827792Z,1.021
/data/upload/4/dff5ef73-79e9348c-ef8a-45e4-83a7-2fe620fed412.jpg,496,"{""choices"": [""Main"", ""Jib""]}",1,497,2022-11-15T04:00:45.502714Z,2022-11-15T04:00:45.502714Z,1.304
/data/upload/4/72679d91-79bf35b0-66ca-4a0c-9e36-ddf46aeec572.JPG,495,"{""choices"": [""Main"", ""Jib""]}",1,496,2022-11-15T04:00:43.528952Z,2022-11-15T04:00:43.528952Z,1.204
/data/upload/4/22722778-78d8095d-f4cd-4179-979d-dcf9dfa39bca.jpg,494,"{""choices"": [""Main"", ""Jib""]}",1,495,2022-11-15T04:00:41.870448Z,2022-11-15T04:00:41.870448Z,1.208
/data/upload/4/f2ca8951-76c965f9-4d86-4ca4-94a2-149481dfb61c.jpg,493,,1,494,2022-11-15T04:00:40.000244Z,2022-11-15T04:00:40.000244Z,0.997
/data/upload/4/9ca8b22a-75e11b16-fcd4-43c1-a78f-6b4a8fda8c27.jpg,492,"{""choices"": [""Main"", ""Jib""]}",1,493,2022-11-15T04:00:38.603395Z,2022-11-15T04:00:38.603395Z,1.769
/data/upload/4/5b0f2913-75d1e278-a56f-4883-b570-01a893744dc6.jpg,491,"{""choices"": [""Main"", ""Jib""]}",1,492,2022-11-15T04:00:36.112088Z,2022-11-15T04:00:36.112088Z,2.505
/data/upload/4/2e3741ce-75a7c838-3c86-4bb0-829f-c60d4efd05e2.jpg,490,"{""choices"": [""Main"", ""Jib""]}",1,491,2022-11-15T04:00:33.199048Z,2022-11-15T04:00:33.199048Z,1.265
/data/upload/4/2654e0ff-73a1374c-3050-4dd9-b943-5f833bb72983.jpg,489,Main,1,490,2022-11-15T04:00:31.260194Z,2022-11-15T04:00:31.260194Z,1.708
/data/upload/4/81e66c78-72bc4031-f4df-4c58-af3a-0925ed92945f.jpg,488,,1,489,2022-11-15T04:00:29.237608Z,2022-11-15T04:00:29.237608Z,1.165
/data/upload/4/7239c851-70e9d4cf-29a3-4855-b97d-e2c91731e77e.jpg,487,"{""choices"": [""Main"", ""Jib""]}",1,488,2022-11-15T04:00:27.400590Z,2022-11-15T04:00:27.400590Z,1.74
/data/upload/4/2b11d2cf-68ea6253-a24c-43be-82e2-3679c93d0963.jpg,486,"{""choices"": [""Main"", ""Jib""]}",1,487,2022-11-15T04:00:25.319038Z,2022-11-15T04:00:25.319038Z,1.57
/data/upload/4/9bbe0c76-68d62e43-6e8e-40d5-b332-4d7bc81255e8.jpg,485,Main,1,486,2022-11-15T04:00:23.082840Z,2022-11-15T04:00:23.082840Z,1.168
/data/upload/4/bc890705-68c5bdab-e9fa-43ec-bfb2-c039c2abd065.jpg,484,Jib,1,485,2022-11-15T04:00:21.558991Z,2022-11-15T04:00:21.558991Z,7.201
/data/upload/4/8b9d4fad-67d7cfd2-2366-4407-ae54-b46f76b5027d.jpg,483,"{""choices"": [""Main"", ""Spinnaker""]}",1,484,2022-11-15T04:00:14.019683Z,2022-11-15T04:00:14.019683Z,5.869
/data/upload/4/6897bb8b-67a5749e-8d68-41a7-8a83-74719a56c1ec.jpg,482,"{""choices"": [""Main"", ""Jib""]}",1,483,2022-11-15T04:00:07.782807Z,2022-11-15T04:00:07.783807Z,2.792
/data/upload/4/531efa56-66b009d8-0fc2-40fc-938e-e11ca4c9a1f9.jpg,481,"{""choices"": [""Main"", ""Jib""]}",1,482,2022-11-15T04:00:04.347854Z,2022-11-15T04:00:04.347854Z,1.253
/data/upload/4/f478c008-64b67e4c-d511-4d97-b529-c9279941ad54.jpg,480,"{""choices"": [""Main"", ""Jib""]}",1,481,2022-11-15T04:00:02.761964Z,2022-11-15T04:00:02.761964Z,1.29
/data/upload/4/3b61deaf-61cbe6ea-3eed-494e-82f1-a23a991da88f.jpg,479,"{""choices"": [""Main"", ""Jib""]}",1,480,2022-11-15T04:00:00.813326Z,2022-11-15T04:00:00.813326Z,1.052
/data/upload/4/0531cb00-61b4c8bc-2ab1-4424-b479-611efa2a13bb.jpg,478,"{""choices"": [""Main"", ""Jib""]}",1,479,2022-11-15T03:59:59.467708Z,2022-11-15T03:59:59.467708Z,1.325
/data/upload/4/7cabc620-60f476d8-5ae9-4a9e-bedf-ef01beb5fb75.jpg,477,,1,478,2022-11-15T03:59:57.548609Z,2022-11-15T03:59:57.548609Z,1.186
/data/upload/4/d56be1c3-58c4ac8f-dec9-4ab8-a857-06ab5c48f6de.jpg,476,"{""choices"": [""Main"", ""Jib""]}",1,477,2022-11-15T03:59:56.032996Z,2022-11-15T03:59:56.032996Z,1.59
/data/upload/4/728ba3fc-58c1fa92-04c0-4050-abfb-18d0379f590e.jpg,475,"{""choices"": [""Main"", ""Jib""]}",1,476,2022-11-15T03:59:53.835101Z,2022-11-15T03:59:53.835101Z,1.637
/data/upload/4/064d8967-57a5ad43-85e8-47b4-bbb1-99706d9e6acb.jpg,474,,1,475,2022-11-15T03:59:51.884375Z,2022-11-15T03:59:51.884375Z,0.968
/data/upload/4/da71f965-54b1e8cb-4b8c-46a2-ab4c-975330334226.jpg,473,,1,474,2022-11-15T03:59:50.322622Z,2022-11-15T03:59:50.322622Z,1.004
/data/upload/4/9cf1da27-53dc1423-3fbe-441c-a582-37dd4c3d0d62.jpg,472,Main,1,473,2022-11-15T03:59:49.016571Z,2022-11-15T03:59:49.016571Z,1.25
/data/upload/4/73aae492-53adb339-2652-4ad7-b21e-3c90e13c723a.jpg,471,Main,1,472,2022-11-15T03:59:47.159133Z,2022-11-15T03:59:47.159133Z,1.56
/data/upload/4/4f110221-49dc2e05-7fb2-4411-9ecd-a52b1dd454e5.jpg,470,Main,1,471,2022-11-15T03:59:45.220065Z,2022-11-15T03:59:45.220065Z,1.052
/data/upload/4/a0ae74ec-049b2fae-d9c2-4a90-bcdf-ecf610be2303.jpg,469,"{""choices"": [""Main"", ""Jib""]}",1,470,2022-11-15T03:59:43.532157Z,2022-11-15T03:59:43.532157Z,1.275
/data/upload/4/6ea61a40-47dceabe-fb14-4149-9cf0-560b1d936ebb.jpg,468,"{""choices"": [""Main"", ""Jib""]}",1,469,2022-11-15T03:59:41.958124Z,2022-11-15T03:59:41.958124Z,1.725
/data/upload/4/b474e4eb-47d2540c-9ee8-4d49-81e7-56d33164ab66.jpg,467,,1,468,2022-11-15T03:59:39.646625Z,2022-11-15T03:59:39.646625Z,1.284
/data/upload/4/4e0fe741-47ca4af1-de51-4678-80e0-46df4d973258.jpg,466,,1,467,2022-11-15T03:59:38.068208Z,2022-11-15T03:59:38.068208Z,1.072
/data/upload/4/0d5a38c2-47c42791-43a5-4e4b-8780-3d27842d3a53.jpg,465,"{""choices"": [""Main"", ""Jib""]}",1,466,2022-11-15T03:59:36.381090Z,2022-11-15T03:59:36.381090Z,1.224
/data/upload/4/312767e2-46dc27f4-8e11-46d6-887e-b32b92756dbb.jpg,464,"{""choices"": [""Main"", ""Jib""]}",1,465,2022-11-15T03:59:34.867846Z,2022-11-15T03:59:34.867846Z,1.521
/data/upload/4/6748c17f-46c11b0a-ee8b-4f86-8682-35192aa4320b.jpg,463,"{""choices"": [""Main"", ""Jib""]}",1,464,2022-11-15T03:59:32.706797Z,2022-11-15T03:59:32.706797Z,1.357
/data/upload/4/8c779910-046ae97d-2499-469b-8b25-1168a8657862.jpg,462,,1,463,2022-11-15T03:59:31.044852Z,2022-11-15T03:59:31.044852Z,0.954
/data/upload/4/16501e4a-0046ccb4-6ed7-4dde-a130-018acd97444b.jpg,461,"{""choices"": [""Main"", ""Jib""]}",1,462,2022-11-15T03:59:29.484984Z,2022-11-15T03:59:29.484984Z,1.661
/data/upload/4/c22fc809-45cf1286-5614-4bec-97c6-7698b9186053.jpeg,460,"{""choices"": [""Main"", ""Jib""]}",1,461,2022-11-15T03:59:27.478523Z,2022-11-15T03:59:27.478523Z,1.219
/data/upload/4/9ff68faa-41ba20d3-47e7-491d-8ad3-c7988ce1567c.jpg,459,"{""choices"": [""Main"", ""Jib""]}",1,460,2022-11-15T03:59:25.619002Z,2022-11-15T03:59:25.619002Z,2.664
/data/upload/4/477bb2a1-36d9d970-08a0-4615-800e-ec695150eece.jpg,458,Main,1,459,2022-11-15T03:59:22.633866Z,2022-11-15T03:59:22.633866Z,2.05
/data/upload/4/a8f1d61a-35f5f461-35b5-4aae-ae3a-ed7836e97fee.JPG,457,,1,458,2022-11-15T03:59:19.966211Z,2022-11-15T03:59:19.966211Z,1.076
/data/upload/4/25710f20-33bfa060-3c06-4ec4-9d3c-28b360ff97ea.jpg,456,,1,457,2022-11-15T03:59:18.589233Z,2022-11-15T03:59:18.589233Z,1.144
/data/upload/4/0b52ac10-32a9a03a-7b0a-4788-acaa-c2152c2adae8.jpg,455,Main,1,456,2022-11-15T03:59:16.836055Z,2022-11-15T03:59:16.836055Z,1.028
/data/upload/4/6ae5d356-31ad5ddf-73ca-4536-8b84-dd3a531b276f.jpg,454,Main,1,455,2022-11-15T03:59:15.518474Z,2022-11-15T03:59:15.518474Z,1.156
/data/upload/4/5931a3c5-30ae1347-3db7-4d47-b24a-a4e9dde96a67.JPG,453,Main,1,454,2022-11-15T03:59:13.749970Z,2022-11-15T03:59:13.749970Z,1.332
/data/upload/4/879a6d4a-030b71b6-6f9a-4e7b-a6f8-4cfafba97462.jpg,452,,1,453,2022-11-15T03:59:12.133542Z,2022-11-15T03:59:12.133542Z,1.163
/data/upload/4/7fd44458-29b7e3ec-421a-4314-8e92-4097e60f9cdc.jpg,451,"{""choices"": [""Main"", ""Jib""]}",1,452,2022-11-15T03:59:10.356017Z,2022-11-15T03:59:10.356017Z,6.56
/data/upload/4/466c6f22-28a23101-0c47-430a-a800-e9519ed617f7.jpg,450,"{""choices"": [""Main"", ""Jib""]}",1,451,2022-11-15T03:59:03.487290Z,2022-11-15T03:59:03.487290Z,1.356
/data/upload/4/805f2ad3-27d4791a-b77c-4d9a-9ed4-8720f947436f.jpeg,449,"{""choices"": [""Main"", ""Jib""]}",1,450,2022-11-15T03:59:01.524258Z,2022-11-15T03:59:01.524258Z,1.297
/data/upload/4/030b1a9f-25f2f480-65f7-4f6c-b82a-008b04f48bd4.jpg,448,"{""choices"": [""Main"", ""Jib""]}",1,449,2022-11-15T03:58:59.927754Z,2022-11-15T03:58:59.927754Z,1.378
/data/upload/4/edd50529-25dc1dad-9870-48c6-b0ac-192feba15b8c.jpeg,447,"{""choices"": [""Main"", ""Jib""]}",1,448,2022-11-15T03:58:57.940043Z,2022-11-15T03:58:57.940043Z,1.477
/data/upload/4/aa814c5b-24d79795-e26b-44ca-8a3d-5de2e691d425.jpg,446,Reject Photo,1,447,2022-11-15T03:58:56.115330Z,2022-11-15T03:58:56.115330Z,2.929
/data/upload/4/4682e186-24bc806f-10d5-48f6-ab35-b56bc4c286a8.jpg,445,"{""choices"": [""Main"", ""Spinnaker""]}",1,446,2022-11-15T03:58:52.557367Z,2022-11-15T03:58:52.557367Z,2.918
/data/upload/4/1240f226-23cbb0e9-b68f-4b17-8d6c-c5d14c52c9de.jpg,444,,1,445,2022-11-15T03:58:49.333558Z,2022-11-15T03:58:49.333558Z,0.993
/data/upload/4/5817345d-22d37360-d009-42d5-aa23-99ad1d655ced.jpg,443,,1,444,2022-11-15T03:58:47.722419Z,2022-11-15T03:58:47.722419Z,1.029
/data/upload/4/3a168c63-22ae7840-4a3a-4eac-a349-4bc587a52a59.jpg,442,,1,443,2022-11-15T03:58:46.408749Z,2022-11-15T03:58:46.408749Z,1.469
/data/upload/4/b05639bb-022cc2f4-fc5b-4d7a-887b-c6c6a79e66ea.jpg,441,"{""choices"": [""Main"", ""Jib""]}",1,442,2022-11-15T03:58:44.340280Z,2022-11-15T03:58:44.340280Z,1.514
/data/upload/4/2935ee60-20e1f315-7c16-46ab-9674-61a48fb9063e.JPG,440,,1,441,2022-11-15T03:58:42.502256Z,2022-11-15T03:58:42.502256Z,1.161
/data/upload/4/19e2c281-20bbc8d1-d4af-4c1b-9b31-0a0c485a2dd7.jpg,439,"{""choices"": [""Main"", ""Jib""]}",1,440,2022-11-15T03:58:40.679480Z,2022-11-15T03:58:40.679480Z,1.472
/data/upload/4/26dc4bfd-18c03723-8461-46b6-9543-0c0fbe7b8e1d.jpg,438,"{""choices"": [""Main"", ""Jib""]}",1,439,2022-11-15T03:58:38.792780Z,2022-11-15T03:58:38.792780Z,1.352
/data/upload/4/00e0016b-16f65316-fd67-47d7-bbae-90a7d2f4c8ad.jpg,437,"{""choices"": [""Main"", ""Jib""]}",1,438,2022-11-15T03:58:36.609508Z,2022-11-15T03:58:36.609508Z,1.465
/data/upload/4/20a1b18d-16c79201-8b47-4bea-b76b-321b417a0709.jpg,436,"{""choices"": [""Main"", ""Jib"", ""Spinnaker""]}",1,437,2022-11-15T03:58:34.629944Z,2022-11-15T03:58:34.629944Z,2.101
/data/upload/4/985dff92-12ff77c9-da60-4acb-9e5a-4c2ebdc0c655.jpg,435,"{""choices"": [""Main"", ""Jib""]}",1,436,2022-11-15T03:58:31.797670Z,2022-11-15T03:58:31.797670Z,2.283
/data/upload/4/ac749a28-11b665c6-243a-4c9d-8f99-f70c9dcee519.jpg,434,Main,1,435,2022-11-15T03:58:29.023476Z,2022-11-15T03:58:29.023476Z,1.3
/data/upload/4/d57e5da2-9fbb4611-024e-4264-8634-24c09a6836cd.jpg,433,"{""choices"": [""Main"", ""Jib""]}",1,434,2022-11-15T03:58:26.971933Z,2022-11-15T03:58:26.971933Z,2.961
/data/upload/4/b77f8845-9f7cd954-d631-46c1-8574-12b94a79e6dd.jpg,432,,1,433,2022-11-15T03:58:23.618823Z,2022-11-15T03:58:23.618823Z,0.784
/data/upload/4/74ed2e60-9f5d6e2a-8503-4f05-820c-f33e25c14807.jpg,431,"{""choices"": [""Main"", ""Jib"", ""Spinnaker""]}",1,432,2022-11-15T03:58:22.155192Z,2022-11-15T03:58:22.155192Z,7.064
/data/upload/4/9a68c398-9ecc87ab-690f-4a9e-bffc-c4f63d97cbe8.jpg,430,,1,431,2022-11-15T03:58:14.711745Z,2022-11-15T03:58:14.711745Z,1.229
/data/upload/4/f8f366b5-9eb69e35-5d7e-4a52-9689-5a44f8835a7e.jpeg,429,Main,1,430,2022-11-15T03:58:12.854517Z,2022-11-15T03:58:12.854517Z,1.401
/data/upload/4/7f391915-9d98133b-9456-497c-9fcd-d11b404c9bed.jpg,428,"{""choices"": [""Main"", ""Spinnaker""]}",1,429,2022-11-15T03:58:11.155183Z,2022-11-15T03:58:11.155183Z,4.566
/data/upload/4/7db94ff1-9d2800cc-9368-4a11-8fe3-7f80455cfd7f.jpeg,427,"{""choices"": [""Main"", ""Jib""]}",1,428,2022-11-15T03:58:05.990323Z,2022-11-15T03:58:05.990323Z,1.179
/data/upload/4/bede8714-9d2515ff-daed-4bff-8f06-55035c51627a.png,426,"{""choices"": [""Main"", ""Jib""]}",1,427,2022-11-15T03:58:04.517107Z,2022-11-15T03:58:04.517107Z,1.246
/data/upload/4/d6f921b6-9b91dcdd-2046-4153-84f9-2079fbc74bb6.jpg,425,"{""choices"": [""Main"", ""Jib""]}",1,426,2022-11-15T03:58:02.636730Z,2022-11-15T03:58:02.636730Z,1.808
/data/upload/4/62c66d5e-8f71193f-8f42-4e1d-9d21-1f3b79a1fc74.jpg,424,"{""choices"": [""Main"", ""Jib""]}",1,425,2022-11-15T03:58:00.537106Z,2022-11-15T03:58:00.537106Z,1.244
/data/upload/4/c147c933-8f69f561-e163-400b-81de-dc1438eccadc.jpg,423,"{""choices"": [""Main"", ""Jib""]}",1,424,2022-11-15T03:57:58.707869Z,2022-11-15T03:57:58.707869Z,1.318
/data/upload/4/0e675486-8f32ec85-2e01-47c8-9f4b-48ee935603eb.jpg,422,"{""choices"": [""Main"", ""Jib""]}",1,423,2022-11-15T03:57:57.074955Z,2022-11-15T03:57:57.074955Z,1.266
/data/upload/4/0a01034a-8ec4a0de-7101-4eb0-885a-3d4d892972cb.jpg,421,"{""choices"": [""Main"", ""Jib""]}",1,422,2022-11-15T03:57:55.139935Z,2022-11-15T03:57:55.139935Z,1.483
/data/upload/4/00b96b18-8ea1ebb5-f4ef-4559-b2a8-99c894b580f9.jpeg,420,"{""choices"": [""Main"", ""Jib""]}",1,421,2022-11-15T03:57:53.341601Z,2022-11-15T03:57:53.341601Z,1.304
/data/upload/4/681111db-8cf64527-45fa-4cde-9054-ef7125c1b6a3.jpg,419,Main,1,420,2022-11-15T03:57:51.419938Z,2022-11-15T03:57:51.419938Z,1.496
/data/upload/4/8895c006-8cb7f3be-24d4-48c9-a0cb-79ac488bf98e.jpg,418,"{""choices"": [""Main"", ""Jib""]}",1,419,2022-11-15T03:57:49.638104Z,2022-11-15T03:57:49.638104Z,1.272
/data/upload/4/02120b4c-8c552ae4-cc44-491d-9b3e-5d126c3ac25f.jpg,417,"{""choices"": [""Main"", ""Jib""]}",1,418,2022-11-15T03:57:47.763826Z,2022-11-15T03:57:47.764825Z,1.457
/data/upload/4/c6742af1-8b6e3d86-555a-441d-abbe-fcf57b395d39.jpg,416,"{""choices"": [""Main"", ""Jib""]}",1,417,2022-11-15T03:57:45.983526Z,2022-11-15T03:57:45.983526Z,1.55
/data/upload/4/8d0df528-8aaf69d0-3c7e-407b-bbc9-8e805760e6d2.jpg,415,Main,1,416,2022-11-15T03:57:43.797550Z,2022-11-15T03:57:43.797550Z,1.149
/data/upload/4/65fdfb6b-8a3eef80-4dd1-47fb-8b47-7626095f01bf.jpg,414,,1,415,2022-11-15T03:57:42.365434Z,2022-11-15T03:57:42.365434Z,1.256
/data/upload/4/c7b0e6c8-08d08ac1-96e6-4820-8bf4-f4a2cb10d712.jpg,413,"{""choices"": [""Main"", ""Jib""]}",1,414,2022-11-15T03:57:40.507550Z,2022-11-15T03:57:40.507550Z,1.399
/data/upload/4/adfd75c2-7ff89bcc-e7a7-40d9-a18b-1472c8281bfc.jpg,412,"{""choices"": [""Main"", ""Jib""]}",1,413,2022-11-15T03:57:38.808703Z,2022-11-15T03:57:38.808703Z,1.77
/data/upload/4/b52191c4-7faae256-8551-4d49-91c6-407abdb2ac52.jpg,411,"{""choices"": [""Main"", ""Spinnaker""]}",1,412,2022-11-15T03:57:36.437914Z,2022-11-15T03:57:36.437914Z,4.589
/data/upload/4/cdfd3100-7f69d732-532c-4686-86bd-85f4be33e7d8.jpg,410,,1,411,2022-11-15T03:57:31.538803Z,2022-11-15T03:57:31.538803Z,1.338
/data/upload/4/fc68f40d-7f40f66f-f10b-4d37-9030-253616fadc71.jpg,409,"{""choices"": [""Main"", ""Jib""]}",1,410,2022-11-15T03:57:29.574413Z,2022-11-15T03:57:29.574413Z,1.664
/data/upload/4/2e1b5b59-7e53b1a7-20df-417a-b85d-0f5c56675714.jpg,408,"{""choices"": [""Main"", ""Jib""]}",1,409,2022-11-15T03:57:27.583104Z,2022-11-15T03:57:27.583104Z,1.654
/data/upload/4/f057f127-7e0b3368-39b8-49e0-bc12-c4671595fec8.jpg,407,"{""choices"": [""Main"", ""Jib""]}",1,408,2022-11-15T03:57:25.293015Z,2022-11-15T03:57:25.293015Z,1.339
/data/upload/4/d52d1e1d-7df203f4-8adc-4732-a7fb-2ea1014dc3be.jpg,406,"{""choices"": [""Main"", ""Jib""]}",1,407,2022-11-15T03:57:23.599460Z,2022-11-15T03:57:23.599460Z,1.495
/data/upload/4/aba21282-7df2a48f-4567-43b7-b41d-f8da598f706c.jpg,405,"{""choices"": [""Main"", ""Jib""]}",1,406,2022-11-15T03:57:21.500002Z,2022-11-15T03:57:21.500002Z,2.307
/data/upload/4/a18c07f3-7d5ad137-ba77-46e3-87ba-64356e69027d.jpg,404,Main,1,405,2022-11-15T03:57:18.906504Z,2022-11-15T03:57:18.906504Z,1.498
/data/upload/4/84094d9a-7c7af896-0824-40db-864f-0282c998ac38.jpg,403,,1,404,2022-11-15T03:57:16.811583Z,2022-11-15T03:57:16.811583Z,1.658
/data/upload/4/270c8208-7c2e126e-2794-4f7d-a3cf-3aa479a739a5.jpg,402,Main,1,403,2022-11-15T03:57:14.852845Z,2022-11-15T03:57:14.852845Z,1.239
/data/upload/4/cd84a2ec-7b0c6d44-62fe-4798-b58c-ea0eebab3fc6.jpg,401,,1,402,2022-11-15T03:57:13.011346Z,2022-11-15T03:57:13.011346Z,6.953
/data/upload/4/d2f98b4a-7ae96ead-8f9b-457b-9166-7b1d08794930.jpg,400,"{""choices"": [""Main"", ""Jib""]}",1,401,2022-11-15T03:57:05.745197Z,2022-11-15T03:57:05.745197Z,1.951
/data/upload/4/956c06d9-7a225ec3-79ae-4daa-8715-8172d19a601c.jpg,399,Main,1,400,2022-11-15T03:57:03.165675Z,2022-11-15T03:57:03.165675Z,1.199
/data/upload/4/3ad635db-7a6e07b2-e244-4355-9368-c310d96bd9dc.jpg,398,"{""choices"": [""Main"", ""Jib""]}",1,399,2022-11-15T03:57:01.636763Z,2022-11-15T03:57:01.636763Z,2.408
/data/upload/4/d1f669b0-6fc11d4b-cd3a-4993-bc73-b327df7ef27a.jpg,397,"{""choices"": [""Main"", ""Jib""]}",1,398,2022-11-15T03:56:58.607556Z,2022-11-15T03:56:58.607556Z,5.109
/data/upload/4/2dc3f8e7-6d64cb68-6907-4d7a-bd7e-a343d4d50802.jpg,396,"{""choices"": [""Main"", ""Jib""]}",1,397,2022-11-15T03:56:53.197473Z,2022-11-15T03:56:53.197473Z,1.502
/data/upload/4/861561fe-6ceef71f-8460-4a08-b3c3-0ff4192b0f61.jpg,395,,1,396,2022-11-15T03:56:51.099056Z,2022-11-15T03:56:51.099056Z,1.287
/data/upload/4/f119915b-6c7ffc7a-0d27-490b-b2a7-99291746e434.jpg,394,"{""choices"": [""Main"", ""Spinnaker""]}",1,395,2022-11-15T03:56:49.521647Z,2022-11-15T03:56:49.521647Z,1.838
/data/upload/4/e1a8bc00-6b9bcfcb-db31-48dd-9f51-19a2e2abf94f.jpg,393,Main,1,394,2022-11-15T03:56:47.077888Z,2022-11-15T03:56:47.077888Z,1.541
/data/upload/4/23da5160-6ae6cf76-5b50-48d2-989b-c9842414d7c5.jpg,392,"{""choices"": [""Main"", ""Jib""]}",1,393,2022-11-15T03:56:45.217984Z,2022-11-15T03:56:45.217984Z,1.633
/data/upload/4/04db41c3-6a5ad4ea-716d-4698-ab60-6bb5d80cc8c9.jpg,391,,1,392,2022-11-15T03:56:42.989925Z,2022-11-15T03:56:42.989925Z,0.96
/data/upload/4/64f054e8-5f041850-b272-41c0-ab8f-ae81b012819c.JPG,390,"{""choices"": [""Main"", ""Jib""]}",1,391,2022-11-15T03:56:41.699222Z,2022-11-15T03:56:41.699222Z,1.68
/data/upload/4/eb5f7583-5f4dc0fc-251e-49b9-8cf4-bf96cc20e414.jpg,389,,1,390,2022-11-15T03:56:39.396390Z,2022-11-15T03:56:39.396390Z,0.924
/data/upload/4/d5fd1312-5ea3093e-815d-4eed-874e-a17af854992f.jpeg,388,,1,389,2022-11-15T03:56:38.197724Z,2022-11-15T03:56:38.197724Z,1.119
/data/upload/4/02b40cf2-5e0c147c-4910-4100-8ad9-d408ab46a7ad.jpg,387,"{""choices"": [""Main"", ""Spinnaker""]}",1,388,2022-11-15T03:56:36.476960Z,2022-11-15T03:56:36.476960Z,2.044
/data/upload/4/18cadf27-5d798d4a-7a6b-42b3-bcf4-a5b35b17595f.jpg,386,,1,387,2022-11-15T03:56:34.147281Z,2022-11-15T03:56:34.147281Z,1.069
/data/upload/4/e214f0cd-5c112574-28a8-4f84-afff-67f87ff9f6a7.jpg,385,,1,386,2022-11-15T03:56:32.480452Z,2022-11-15T03:56:32.480452Z,1.389
/data/upload/4/44c2c1ae-5c5f27e8-cd6a-4860-b9c7-b2c2517c7b87.jpg,384,"{""choices"": [""Main"", ""Jib""]}",1,385,2022-11-15T03:56:30.785161Z,2022-11-15T03:56:30.785161Z,1.536
/data/upload/4/12aed155-5c02c36c-fed2-47e0-a3c9-f0a82939cbbd.jpg,383,Main,1,384,2022-11-15T03:56:28.628571Z,2022-11-15T03:56:28.628571Z,1.256
/data/upload/4/4d7033b1-5b001792-96fd-42bb-9ce5-06d1300276c8.jpg,382,"{""choices"": [""Main"", ""Jib""]}",1,383,2022-11-15T03:56:27.008759Z,2022-11-15T03:56:27.008759Z,1.443
/data/upload/4/94221df8-5b32cf70-c68f-4461-bc5c-59bb018e24d4.jpg,381,"{""choices"": [""Main"", ""Jib""]}",1,382,2022-11-15T03:56:24.923830Z,2022-11-15T03:56:24.923830Z,2.177
/data/upload/4/c069a214-5ab16553-d894-40da-ba9e-64e89706a80b.jpg,380,"{""choices"": [""Main"", ""Jib""]}",1,381,2022-11-15T03:56:22.424561Z,2022-11-15T03:56:22.424561Z,1.558
/data/upload/4/2404dff5-5a64dbe2-e20d-4cc5-8849-4ebe1a3b6cac.jpg,379,,1,380,2022-11-15T03:56:20.275279Z,2022-11-15T03:56:20.275279Z,1.661
/data/upload/4/8f6dfe10-5a04d5a7-7d04-4c7d-bf95-e6826e9c0ef8.jpg,378,"{""choices"": [""Main"", ""Spinnaker""]}",1,379,2022-11-15T03:56:18.285155Z,2022-11-15T03:56:18.285155Z,3.903
/data/upload/4/6b6c7b97-4fc40a44-559d-4ddd-a1f7-1a6cdf78fde1.jpg,377,,1,378,2022-11-15T03:56:13.778860Z,2022-11-15T03:56:13.778860Z,3.872
/data/upload/4/65fae93e-4e71779d-c139-4776-86ac-c25f5502bab0.png,376,Main,1,377,2022-11-15T03:56:09.607741Z,2022-11-15T03:56:09.607741Z,1.795
/data/upload/4/7246c5ee-4e2f5922-5e34-4ae4-a9b2-ea153c0ff29b.jpg,375,"{""choices"": [""Main"", ""Jib""]}",1,376,2022-11-15T03:56:07.218682Z,2022-11-15T03:56:07.218682Z,1.531
/data/upload/4/b9e2f7c0-4e0df865-b8c0-4882-ba29-5a826bdde45f.JPG,374,Reject Photo,1,375,2022-11-15T03:56:05.376367Z,2022-11-15T03:56:05.376367Z,2.322
/data/upload/4/7509298a-4d772a73-562b-413b-bf6c-f457adae7767.jpeg,373,"{""choices"": [""Main"", ""Jib""]}",1,374,2022-11-15T03:56:02.459513Z,2022-11-15T03:56:02.459513Z,1.394
/data/upload/4/c1bee958-4d131fa3-b5af-42d5-a51c-403ba02a687c.jpg,372,"{""choices"": [""Main"", ""Jib""]}",1,373,2022-11-15T03:56:00.730554Z,2022-11-15T03:56:00.731570Z,1.318
/data/upload/4/c9fe7dc8-4cf201d0-48f6-4883-a668-cb551399e4c4.jpg,371,"{""choices"": [""Main"", ""Jib""]}",1,372,2022-11-15T03:55:58.802525Z,2022-11-15T03:55:58.802525Z,1.242
/data/upload/4/a8172c9a-4cd8c171-deb7-4c45-861b-c8b98f7a82ac.jpg,370,Main,1,371,2022-11-15T03:55:57.265838Z,2022-11-15T03:55:57.265838Z,1.529
/data/upload/4/33232c05-4be54401-7a31-4be9-b507-5c69756e44e3.jpeg,369,"{""choices"": [""Main"", ""Jib""]}",1,370,2022-11-15T03:55:55.131127Z,2022-11-15T03:55:55.131127Z,1.208
/data/upload/4/8c5d0032-4b64752b-3c4b-4834-813d-323602e1c79e.jpg,368,"{""choices"": [""Main"", ""Jib""]}",1,369,2022-11-15T03:55:53.626277Z,2022-11-15T03:55:53.626277Z,1.473
/data/upload/4/8658ecac-4b7b7851-0ade-48b0-a63b-45bb14e72f0a.jpg,367,"{""choices"": [""Main"", ""Jib""]}",1,368,2022-11-15T03:55:51.564037Z,2022-11-15T03:55:51.564037Z,1.47
/data/upload/4/818084ee-4a295b67-ee57-45cb-a0cb-603b9ca1e2af.jpg,366,"{""choices"": [""Main"", ""Jib""]}",1,367,2022-11-15T03:55:49.777351Z,2022-11-15T03:55:49.777351Z,1.363
/data/upload/4/6d1faea0-04c1b750-64db-4f2a-9c37-35ed8b56ad6d.jpg,365,"{""choices"": [""Main"", ""Jib""]}",1,366,2022-11-15T03:55:47.821036Z,2022-11-15T03:55:47.821036Z,1.85
/data/upload/4/b23a721f-3f936598-b98e-498c-ba5b-a8dc4f5d7f51.jpg,364,"{""choices"": [""Main"", ""Jib""]}",1,365,2022-11-15T03:55:45.673027Z,2022-11-15T03:55:45.673027Z,1.589
/data/upload/4/26f5b83d-3f04fadd-540a-4a01-b9d5-47a00e51d99f.jpg,363,,1,364,2022-11-15T03:55:43.490859Z,2022-11-15T03:55:43.490859Z,1.117
/data/upload/4/93cf2a2d-3f0d7c86-8627-47b8-a876-ac1b13415637.jpg,362,Main,1,363,2022-11-15T03:55:42.078182Z,2022-11-15T03:55:42.078182Z,4.896
/data/upload/4/92ad5918-3e3b957d-7e8c-4eb4-892c-95197141121d.jpg,361,"{""choices"": [""Main"", ""Spinnaker""]}",1,362,2022-11-15T03:55:36.579708Z,2022-11-15T03:55:36.579708Z,2.695
/data/upload/4/c16fc791-3dcfdd9b-cd93-4adb-abb6-18abbcc1519a.jpg,360,,1,361,2022-11-15T03:55:33.592278Z,2022-11-15T03:55:33.592278Z,1.182
/data/upload/4/83f5c580-3d9edeb9-6481-42d7-bc9a-dd127bf10106.jpg,359,"{""choices"": [""Main"", ""Jib""]}",1,360,2022-11-15T03:55:31.759294Z,2022-11-15T03:55:31.759294Z,1.342
/data/upload/4/676e8f06-3cdf62a2-0f6e-4528-a7a0-c786f81ba082.jpeg,358,Main,1,359,2022-11-15T03:55:30.026724Z,2022-11-15T03:55:30.026724Z,1.35
/data/upload/4/5ac23e25-3cac7cb4-7f8b-4e27-94d6-1d284e1f4a0c.jpg,357,"{""choices"": [""Main"", ""Jib""]}",1,358,2022-11-15T03:55:27.925369Z,2022-11-15T03:55:27.925369Z,2.056
/data/upload/4/bbae63bd-3c4cd119-be6f-4b6a-937d-d9ccfb716c61.jpg,356,Main,1,357,2022-11-15T03:55:25.459237Z,2022-11-15T03:55:25.459237Z,1.319
/data/upload/4/8ca7eea2-3b4d953d-d168-4ed7-a5f7-89df7f908667.jpg,355,,1,356,2022-11-15T03:55:23.481779Z,2022-11-15T03:55:23.481779Z,0.992
/data/upload/4/4a6b5c7e-3aaaf570-fcce-4f21-8c88-995595524f5c.jpg,354,,1,355,2022-11-15T03:55:22.119239Z,2022-11-15T03:55:22.119239Z,1.144
/data/upload/4/0af73bb1-3a412684-8a64-41b9-a734-998420716a53.jpg,353,"{""choices"": [""Main"", ""Jib""]}",1,354,2022-11-15T03:55:20.279738Z,2022-11-15T03:55:20.279738Z,1.445
/data/upload/4/b2abb481-2ffe38cc-6806-4fd2-9ec9-4b0d8d1e69ec.jpg,352,"{""choices"": [""Main"", ""Jib""]}",1,353,2022-11-15T03:55:18.362049Z,2022-11-15T03:55:18.362049Z,1.507
/data/upload/4/ba05ea08-2f79cdfc-b20e-491d-9925-b6314352a5b2.jpg,351,"{""choices"": [""Main"", ""Jib""]}",1,352,2022-11-15T03:55:16.126283Z,2022-11-15T03:55:16.126283Z,1.47
/data/upload/4/471ad900-2db86098-9722-47f6-b160-08cbf38387ea.jpg,350,Main,1,351,2022-11-15T03:55:14.257061Z,2022-11-15T03:55:14.257061Z,1.971
/data/upload/4/a8ac3183-2d18578d-c83d-4310-8c07-e9be8d5059ba.jpg,349,"{""choices"": [""Main"", ""Jib""]}",1,350,2022-11-15T03:55:11.686834Z,2022-11-15T03:55:11.686834Z,1.566
/data/upload/4/4e2e80c2-2d20d703-84bb-4fc8-877c-d584fafccc89.jpg,348,,1,349,2022-11-15T03:55:09.826585Z,2022-11-15T03:55:09.826585Z,1.178
/data/upload/4/9986cb5f-2c9b8939-8f2a-4e96-9731-17fabc9f39ec.jpg,347,"{""choices"": [""Main"", ""Jib""]}",1,348,2022-11-15T03:55:07.978853Z,2022-11-15T03:55:07.978853Z,1.448
/data/upload/4/200a7fcd-2be419e4-1776-4006-b2c2-46d1227ab489.jpg,346,,1,347,2022-11-15T03:55:06.221687Z,2022-11-15T03:55:06.222688Z,1.306
/data/upload/4/fa9e7c41-2b15050c-9b9a-4a7b-808d-a2149ff360a5.jpg,345,"{""choices"": [""Main"", ""Jib""]}",1,346,2022-11-15T03:55:04.285485Z,2022-11-15T03:55:04.285485Z,1.638
/data/upload/4/12bdb619-2ad52e8b-41f3-46f2-89f5-6de95af33e5b.jpg,344,"{""choices"": [""Main"", ""Jib""]}",1,345,2022-11-15T03:55:02.305800Z,2022-11-15T03:55:02.305800Z,1.993
/data/upload/4/c4f5d60e-02f9dcd2-d5c9-4e12-9b17-2beefb06d345.jpg,343,Main,1,344,2022-11-15T03:55:00.030385Z,2022-11-15T03:55:00.030385Z,1.618
/data/upload/4/5e192bb9-02e26f25-a764-4da9-8c42-1e36b62ca0b7.jpeg,342,"{""choices"": [""Main"", ""Jib""]}",1,343,2022-11-15T03:54:58.124514Z,2022-11-15T03:54:58.124514Z,1.735
/data/upload/4/a38b0f16-1fde3822-8b44-49ea-9b96-6c833a672a1d.jpg,341,"{""choices"": [""Main"", ""Jib"", ""Spinnaker""]}",1,342,2022-11-15T03:54:56.055185Z,2022-11-15T03:54:56.055185Z,2.058
/data/upload/4/fd57852c-1fac247f-2ef3-40c4-abea-19fc674ab52d.jpg,340,"{""choices"": [""Main"", ""Jib""]}",1,341,2022-11-15T03:54:53.698214Z,2022-11-15T03:54:53.698214Z,1.803
/data/upload/4/4ef126d6-1f2431fb-b19b-4c64-90fd-d69c07b18cce.jpg,339,"{""choices"": [""Main"", ""Jib""]}",1,340,2022-11-15T03:54:51.557301Z,2022-11-15T03:54:51.557301Z,3.819
/data/upload/4/bb31bd74-1ee0cbd1-dec4-4dbe-bc2f-2900236481f4.jpg,338,"{""choices"": [""Main"", ""Jib""]}",1,339,2022-11-15T03:54:47.366349Z,2022-11-15T03:54:47.366349Z,11.971
/data/upload/4/ebea2668-1e55e6a0-071b-4b4f-9adf-8048937795d1.jpg,337,Reject Photo,1,338,2022-11-15T03:54:34.958442Z,2022-11-15T03:54:34.958442Z,14.086
/data/upload/4/eaf1099b-1d360934-01d9-4071-aeba-818ad47ab008.jpg,336,"{""choices"": [""Main"", ""Jib""]}",1,337,2022-11-15T03:54:20.500697Z,2022-11-15T03:54:20.500697Z,1.949
/data/upload/4/99a2353b-1d1c3cbe-e785-4d23-a3a2-73da724f20b1.jpg,335,"{""choices"": [""Main"", ""Spinnaker""]}",1,336,2022-11-15T03:54:18.097438Z,2022-11-15T03:54:18.097438Z,5.022
/data/upload/4/08313660-1ca136d9-cdc3-4f48-bd08-9f80a55259f9.png,334,"{""choices"": [""Main"", ""Jib""]}",1,335,2022-11-15T03:54:12.653329Z,2022-11-15T03:54:12.653329Z,1.541
/data/upload/4/23a08b6c-1c02a611-b63c-4f00-8a7a-28725bcc515c.jpg,333,"{""choices"": [""Main"", ""Jib""]}",1,334,2022-11-15T03:54:10.672362Z,2022-11-15T03:54:10.672362Z,2.21
/data/upload/4/f598912c-1b9419f9-6cfd-43da-b32d-b97697536e82.jpg,332,"{""choices"": [""Main"", ""Spinnaker""]}",1,333,2022-11-15T03:54:08.049276Z,2022-11-15T03:54:08.049276Z,3.857
/data/upload/4/746c2971-1af06242-9594-4971-a626-4931af6a2506.jpg,331,Main,1,332,2022-11-15T03:54:03.806765Z,2022-11-15T03:54:03.806765Z,4.439
/data/upload/4/15d14426-0fd3d8ee-6db5-465d-ad44-c7968095e683.jpg,330,"{""choices"": [""Main"", ""Jib""]}",1,331,2022-11-15T03:53:58.957119Z,2022-11-15T03:53:58.957119Z,1.667
/data/upload/4/16607a7d-0e009936-ac83-4b3e-9c97-3a1668ff033b.jpg,329,,1,330,2022-11-15T03:53:56.916820Z,2022-11-15T03:53:56.916820Z,1.158
/data/upload/4/50aa189e-0e2b7f13-e519-4c24-8bd5-678040d4423a.jpg,328,"{""choices"": [""Main"", ""Jib""]}",1,329,2022-11-15T03:53:55.337416Z,2022-11-15T03:53:55.337416Z,1.374
/data/upload/4/cc5a8a00-0ddf520f-be10-4ba5-ae70-f75967a870f9.JPG,327,,1,328,2022-11-15T03:53:53.599265Z,2022-11-15T03:53:53.599265Z,1.147
/data/upload/4/a607c40c-0d5a0a76-0ba2-4e53-9e62-4fd78259afbf.jpg,326,"{""choices"": [""Main"", ""Jib""]}",1,327,2022-11-15T03:53:52.050673Z,2022-11-15T03:53:52.050673Z,1.788
/data/upload/4/bc7e0ed8-0c9b5cd4-a67b-4184-83c1-146e4d62502a.jpg,325,,1,326,2022-11-15T03:53:49.854320Z,2022-11-15T03:53:49.854320Z,11.494
/data/upload/4/84f7334d-0b9abcc7-4ca4-4410-8b1f-75711a313bfa.jpg,324,"{""choices"": [""Main"", ""Jib""]}",1,325,2022-11-15T03:53:37.975283Z,2022-11-15T03:53:37.975283Z,10.618
/data/upload/4/891d80e6-0ab362c0-3327-44d2-8015-722b8c96ecb3.jpg,323,,1,324,2022-11-15T03:53:27.001933Z,2022-11-15T03:53:27.001933Z,4.219
